whitney_no,root_iast,gloss,mp2_future_form,mp2_future_grade,alternation_class,mp1_ppp_form,mp3_aorist_form,root_match_confidence,source
106,kṛ,make,karṣya (kariṣya),guṇa,regular,kṛta,kārṣ- (aor4),high,"Non-Paninian Approach (ISCLS 2024), alternation-type slide"
258,ji,conquer,jesya,guṇa,regular,,,high,"Non-Paninian Approach (ISCLS 2024), future-stem table"
528,bhū,be,bhaviṣya,guṇa,regular,,,high,"Non-Paninian Approach (ISCLS 2024), future-stem table"
699,vac,speak,vakṣya,guṇa,regular,,,high (paper OCR 'uøc'),"Non-Paninian Approach (ISCLS 2024), future-stem table"
395,dhāv,run,dhāviṣya,vṛddhi,over-strong,dhāvita,dhāviṣ- (aor5),high (paper OCR 'dhau'),"Non-Paninian Approach (ISCLS 2024), future-stem table + alternation slide"
293,tan,stretch,tāyiṣya,vṛddhi,over-strong,,,low (paper OCR 'tai'; root id uncertain),"Non-Paninian Approach (ISCLS 2024), future-stem table"
915,hiṃs,injure,hiṃsiṣya,basic,under-strong,,,high,"Non-Paninian Approach (ISCLS 2024), future-stem table"
267,jṛmbh,gape,jṛmbhiṣya,basic,under-strong,jṛmbhita,jṛmbhiṣ- (aor5),high,"Non-Paninian Approach (ISCLS 2024), future-stem table + alternation slide"
904,svar,sound,svariṣya,uncertain,uncertain,svarita,svārṣ- (aor4),high,"Non-Paninian Approach (ISCLS 2024), alternation-type slide (2MP grade not stated)"
