whitney_no,root_iast,homonym,talmud_root,talmud_whitney_ref,talmud_tip,talmud_ryad,talmud_set,mp1_grade,mp2_grade,mp3_grade,alternation_class,mp1_deviation,derivation_method,grade_confidence,match_kind,unclassifiable_reason
1,aṃh,,,,,,,,,,unclassifiable,,,,no_appendix1_entry,no_appendix1_entry
2,akṣ,1,akṣ,1 akṣ,II,A₁,veṭ,guna,guna,vrddhi,regular,guna_for_basic,talmud_appendix1,authorial,spelling+homonym,
3,akṣ,2,akṣ,2 akṣ,II,A₁,veṭ,guna,guna,vrddhi,regular,guna_for_basic,talmud_appendix1,authorial,spelling+homonym,
4,aṅg,,n̥g,aṅg,I,N₁,veṭ,basic,guna,vrddhi,regular,,talmud_appendix1,authorial,unique_spelling,
5,ac,,n̥c,"ac, añc",I,N₁,veṭ,basic,guna,vrddhi,regular,,talmud_appendix1,authorial,unique_spelling,
6,aj,,aj,aj,II,A₁,seṭ,guna,guna,vrddhi,regular,guna_for_basic,talmud_appendix1,authorial,unique_spelling,
7,añj,,n̥j,añj,I,N₁,veṭ,basic,guna,vrddhi,regular,,talmud_appendix1,authorial,unique_spelling,
8,aṭ,,aṭ,aṭ,II,A₁,seṭ,guna,guna,vrddhi,regular,guna_for_basic,talmud_appendix1,authorial,unique_spelling,
9,aṇṭh,,anṭh,aṇṭh,II,N,seṭ,guna,guna,vrddhi,regular,guna_for_basic,talmud_appendix1,authorial,unique_spelling,
10,at,,at,at,II,A₁,seṭ,guna,guna,vrddhi,regular,guna_for_basic,talmud_appendix1,authorial,unique_spelling,
11,ad,,ad,ad,II,A₁,aniṭ,guna,guna,vrddhi,regular,guna_for_basic,talmud_appendix1,authorial,unique_spelling,
12,an,,an,an,II,N,seṭ,guna,guna,vrddhi,regular,guna_for_basic,talmud_appendix1,authorial,unique_spelling,
13,am,,m̥̄,am,I,M₂,veṭ,basic,guna,vrddhi,regular,,talmud_appendix1,authorial,unique_spelling,
14,ay,,i,"1 i, ī, ay",I,I₁,veṭ,basic,guna,vrddhi,regular,,talmud_appendix1,authorial,unique_spelling,
15,arc,,ṛc,"arc, ṛc",I,R₁,seṭ,basic,guna,vrddhi,regular,,talmud_appendix1,authorial,unique_spelling,
16,arj,,ṛj,"ṛj, ṛñj, arj",I,R₁,veṭ,basic,guna,vrddhi,regular,,talmud_appendix1,authorial,unique_spelling,
17,art,,,,,,,,,,unclassifiable,,,,no_appendix1_entry,no_appendix1_entry
18,arh,,ṛh,arh,I,R₁,seṭ,basic,guna,vrddhi,regular,,talmud_appendix1,authorial,unique_spelling,
19,av,,o,av,II,U,seṭ,guna,guna,vrddhi,regular,guna_for_basic,talmud_appendix1,authorial,unique_spelling,
20,aś,1,aś,"1 aś, aṃś",II,A₁,veṭ,guna,guna,vrddhi,regular,guna_for_basic,talmud_appendix1,authorial,spelling+homonym,
21,aś,2,aś,2 aś,II,A₁,seṭ,guna,guna,vrddhi,regular,guna_for_basic,talmud_appendix1,authorial,spelling+homonym,
22,as,1,øs,1 as,I,A₁,,basic,guna,vrddhi,regular,,talmud_appendix1,authorial,spelling+homonym,
23,as,2,as,2 as,II,A₁,veṭ,guna,guna,vrddhi,regular,guna_for_basic,talmud_appendix1,authorial,spelling+homonym,
24,ah,,ah,ah,II,A₁,,guna,guna,vrddhi,regular,guna_for_basic,talmud_appendix1,authorial,unique_spelling,
25,āñch,,ānch,āñch,IV,N,seṭ,vrddhi,vrddhi,vrddhi,over-strong,,talmud_appendix1,authorial,unique_spelling,
26,āp,,āp,āp,II,A₂,aniṭ,guna,guna,vrddhi,regular,guna_for_basic,talmud_appendix1,authorial,unique_spelling,
27,ār,,ār,ār,IV,R,seṭ,vrddhi,vrddhi,vrddhi,over-strong,,talmud_appendix1,authorial,unique_spelling,
28,ās,,ās,ās,II,A₂,seṭ,guna,guna,vrddhi,regular,guna_for_basic,talmud_appendix1,authorial,unique_spelling,
29,i,1,i,"1 i, ī, ay",I,I₁,veṭ,basic,guna,vrddhi,regular,,talmud_appendix1,authorial,spelling+homonym,
30,i,2,in,"2 i, inv, in",III,I₁,seṭ,basic,basic,vrddhi,under-strong,,talmud_appendix1,authorial,spelling+homonym,
31,iṅg,,iṅg,iṅg,III,I₁,seṭ,basic,basic,vrddhi,under-strong,,talmud_appendix1,authorial,unique_spelling,
32,ich,,iṣ,"is, ich",I,I₁,veṭ,basic,guna,vrddhi,regular,,talmud_appendix1,authorial,unique_spelling,
33,iṭ,,,,,,,,,,unclassifiable,,,,no_appendix1_entry,no_appendix1_entry
34,iḍ,,,,,,,,,,unclassifiable,,,,no_appendix1_entry,no_appendix1_entry
35,idh,,idh,"idh, indh",I,I₁,veṭ,basic,guna,vrddhi,regular,,talmud_appendix1,authorial,unique_spelling,
36,in,,in,"2 i, inv, in",III,I₁,seṭ,basic,basic,vrddhi,under-strong,,talmud_appendix1,authorial,unique_spelling,
37,inakṣ,,,,,,,,,,unclassifiable,,,,no_appendix1_entry,no_appendix1_entry
38,iyakṣ,,,,,,,,,,unclassifiable,,,,no_appendix1_entry,no_appendix1_entry
39,irajy,,irajy,irajy,II,A₁,,guna,guna,vrddhi,regular,guna_for_basic,talmud_appendix1,authorial,unique_spelling,
40,iradh,,iradh,iradh,II,A₁,aniṭ,guna,guna,vrddhi,regular,guna_for_basic,talmud_appendix1,authorial,unique_spelling,
41,il,,il,il,I,I₁,seṭ,basic,guna,vrddhi,regular,,talmud_appendix1,authorial,unique_spelling,
42,iṣ,1,iṣ,2 iṣ,I,I₁,seṭ,basic,guna,vrddhi,regular,,talmud_appendix1,authorial,unique_spelling,
43,iṣ,2,iṣ,2 iṣ,I,I₁,seṭ,basic,guna,vrddhi,regular,,talmud_appendix1,authorial,unique_spelling,
44,ī,,i,"1 i, ī, ay",I,I₁,veṭ,basic,guna,vrddhi,regular,,talmud_appendix1,authorial,unique_spelling,
45,īkṣ,,īkṣ,īkṣ,III,I₂,seṭ,basic,basic,vrddhi,under-strong,,talmud_appendix1,authorial,unique_spelling,
46,īṅkh,,īṅkh,īṅkh,III,I₂,seṭ,basic,basic,vrddhi,under-strong,,talmud_appendix1,authorial,unique_spelling,
47,īj,,ej,"ej, īj",II,I,seṭ,guna,guna,vrddhi,regular,guna_for_basic,talmud_appendix1,authorial,unique_spelling,
48,īḍ,,īḍ,īḍ,III,I₂,seṭ,basic,basic,vrddhi,under-strong,,talmud_appendix1,authorial,unique_spelling,
49,īr,,īr,īr,III,I₂,seṭ,basic,basic,vrddhi,under-strong,,talmud_appendix1,authorial,unique_spelling,
50,īrṣy,,īrṣy,īrṣy,III,I₂,seṭ,basic,basic,vrddhi,under-strong,,talmud_appendix1,authorial,unique_spelling,
51,īś,,īś,īś,III,I₂,seṭ,basic,basic,vrddhi,under-strong,,talmud_appendix1,authorial,unique_spelling,
52,īṣ,,īṣ,"īṣ, eṣ",III,I₂,seṭ,basic,basic,vrddhi,under-strong,,talmud_appendix1,authorial,unique_spelling,
53,īh,,īh,īh,III,I₂,seṭ,basic,basic,vrddhi,under-strong,,talmud_appendix1,authorial,unique_spelling,
54,u,,u,u,I,U₁,veṭ,basic,guna,vrddhi,regular,,talmud_appendix1,authorial,spelling+homonym,
55,ukṣ,1,,,,,,,,,unclassifiable,,,,ambiguous_conflicting,ambiguous_conflicting
56,ukṣ,2,,,,,,,,,unclassifiable,,,,ambiguous_conflicting,ambiguous_conflicting
57,uc,,uc,uc,I,U₁,seṭ,basic,guna,vrddhi,regular,,talmud_appendix1,authorial,unique_spelling,
58,uch,,uøs,"1 vas, uṣ, uch",I,A₁,veṭ,basic,guna,vrddhi,regular,,talmud_appendix1,authorial,unique_spelling,
59,ujh,,ujh,ujh,III,U₁,seṭ,basic,basic,vrddhi,under-strong,,talmud_appendix1,authorial,unique_spelling,
60,uñch,,uñch,uñch,III,U₁,seṭ,basic,basic,vrddhi,under-strong,,talmud_appendix1,authorial,unique_spelling,
61,ud,,ud,"ud, und",I,U₁,veṭ,basic,guna,vrddhi,regular,,talmud_appendix1,authorial,unique_spelling,
62,ubj,,ubj,ubj,III,U₁,seṭ,basic,basic,vrddhi,under-strong,,talmud_appendix1,authorial,unique_spelling,
63,ubh,,umbh,"ubh, umbh",III,U₁,seṭ,basic,basic,vrddhi,under-strong,,talmud_appendix1,authorial,unique_spelling,
64,uṣ,1,uøs,"1 vas, uṣ, uch",I,A₁,veṭ,basic,guna,vrddhi,regular,,talmud_appendix1,authorial,spelling+homonym,
65,uṣ,2,uṣ,2 uṣ,I,U₁,veṭ,basic,guna,vrddhi,regular,,talmud_appendix1,authorial,spelling+homonym,
66,ūrṇu,1,,,,,,,,,unclassifiable,,,,no_appendix1_entry,no_appendix1_entry
67,ūh,1,ūh,1 ūh,III,U₂,veṭ,basic,basic,vrddhi,under-strong,,talmud_appendix1,authorial,spelling+homonym,
68,ūh,2,ūh,2 ūh,III,U₂,seṭ,basic,basic,vrddhi,under-strong,,talmud_appendix1,authorial,spelling+homonym,
69,ṛ,,ṛ,"ṛ, ṛch",I,R₁,veṭ,basic,guna,vrddhi,regular,,talmud_appendix1,authorial,unique_spelling,
70,ṛc,,ṛc,"arc, ṛc",I,R₁,seṭ,basic,guna,vrddhi,regular,,talmud_appendix1,authorial,unique_spelling,
72,ṛj,2,ṛj,"ṛj, ṛñj, arj",I,R₁,veṭ,basic,guna,vrddhi,regular,,talmud_appendix1,authorial,unique_spelling,
73,ṛt,,ṛt,ṛt,I,R₁,seṭ,basic,guna,vrddhi,regular,,talmud_appendix1,authorial,unique_spelling,
74,ṛd,,ṛd,ṛd,I,R₁,seṭ,basic,guna,vrddhi,regular,,talmud_appendix1,authorial,unique_spelling,
75,ṛdh,,ṛdh,ṛdh,I,R₁,veṭ,basic,guna,vrddhi,regular,,talmud_appendix1,authorial,unique_spelling,
76,ṛś,,,,,,,,,,unclassifiable,,,,no_appendix1_entry,no_appendix1_entry
77,ṛṣ,,ṛṣ,ṛṣ,I,R₁,veṭ,basic,guna,vrddhi,regular,,talmud_appendix1,authorial,unique_spelling,
78,ej,,ej,"ej, īj",II,I,seṭ,guna,guna,vrddhi,regular,guna_for_basic,talmud_appendix1,authorial,unique_spelling,
79,edh,,edh,edh,II,I,seṭ,guna,guna,vrddhi,regular,guna_for_basic,talmud_appendix1,authorial,unique_spelling,
80,katth,,katth,katth,II,A₁,seṭ,guna,guna,vrddhi,regular,guna_for_basic,talmud_appendix1,authorial,unique_spelling,
81,kath,,,,,,,,,,unclassifiable,,,,no_appendix1_entry,no_appendix1_entry
82,kad,,,,,,,,,,unclassifiable,,,,no_appendix1_entry,no_appendix1_entry
83,kan,,kn̥̄,"kan, kā",I,N₂,veṭ,basic,guna,vrddhi,regular,,talmud_appendix1,authorial,unique_spelling,
84,kam,,km̥̄,kam,I,M₂,seṭ,basic,guna,vrddhi,regular,,talmud_appendix1,authorial,unique_spelling,
85,kamp,,kanp,kamp,II,N,seṭ,guna,guna,vrddhi,regular,guna_for_basic,talmud_appendix1,authorial,unique_spelling,
86,kal,,kal,kal,II,L,seṭ,guna,guna,vrddhi,regular,guna_for_basic,talmud_appendix1,authorial,unique_spelling,
87,kaṣ,,kaṣ,kaṣ,II,A₁,seṭ,guna,guna,vrddhi,regular,guna_for_basic,talmud_appendix1,authorial,unique_spelling,
88,kas,,kas,kas,II,A₁,veṭ,guna,guna,vrddhi,regular,guna_for_basic,talmud_appendix1,authorial,unique_spelling,
89,kā,,kn̥̄,"kan, kā",I,N₂,veṭ,basic,guna,vrddhi,regular,,talmud_appendix1,authorial,unique_spelling,
90,kāṅkṣ,,kānkṣ,kāṅkṣ,IV,N,seṭ,vrddhi,vrddhi,vrddhi,over-strong,,talmud_appendix1,authorial,unique_spelling,
91,kāś,,kāś,kāś,II,A₂,seṭ,guna,guna,vrddhi,regular,guna_for_basic,talmud_appendix1,authorial,unique_spelling,
92,kās,,kās,kās,II,A₂,veṭ,guna,guna,vrddhi,regular,guna_for_basic,talmud_appendix1,authorial,unique_spelling,
93,ku,,,,,,,,,,unclassifiable,,,,no_appendix1_entry,no_appendix1_entry
94,kuc,,kuc,"kuc, kuñc",I,U₁,seṭ,basic,guna,vrddhi,regular,,talmud_appendix1,authorial,unique_spelling,
95,kuñj,,,,,,,,,,unclassifiable,,,,no_appendix1_entry,no_appendix1_entry
96,kuṭṭ,,,,,,,,,,unclassifiable,,,,no_appendix1_entry,no_appendix1_entry
97,kuṇṭh,,,,,,,,,,unclassifiable,,,,no_appendix1_entry,no_appendix1_entry
98,kuth,,kuth,kuth,I,U₁,seṭ,basic,guna,vrddhi,regular,,talmud_appendix1,authorial,unique_spelling,
99,kup,,kup,kup,I,U₁,veṭ,basic,guna,vrddhi,regular,,talmud_appendix1,authorial,unique_spelling,
100,kuṣ,,kuṣ,kuṣ,I,U₁,veṭ,basic,guna,vrddhi,regular,,talmud_appendix1,authorial,unique_spelling,
101,kū,,kū,kū,I,U₂,seṭ,basic,guna,vrddhi,regular,,talmud_appendix1,authorial,unique_spelling,
102,kūj,,kūj,kūj,III,U₂,seṭ,basic,basic,vrddhi,under-strong,,talmud_appendix1,authorial,unique_spelling,
103,kūḍ,,kūḍ,"kūḍ, kūl",III,U₂,seṭ,basic,basic,vrddhi,under-strong,,talmud_appendix1,authorial,unique_spelling,
104,kūṇ,,kūṇ,kūṇ,III,U₂,seṭ,basic,basic,vrddhi,under-strong,,talmud_appendix1,authorial,unique_spelling,
105,kūrd,,kūrd,kūrd,III,U₂,seṭ,basic,basic,vrddhi,under-strong,,talmud_appendix1,authorial,unique_spelling,
106,kṛ,1,kṛ,1 kṛ (skṛ),I,R₁,veṭ,basic,guna,vrddhi,regular,,talmud_appendix1,authorial,spelling+homonym,
107,kṛ,2,kṝ,"2 kṛ, kir",I,R₂,seṭ,basic,guna,vrddhi,regular,,talmud_appendix1,authorial,spelling+homonym,
108,kṛ,3,kṝ,3 kṛ,I,R₂,seṭ,basic,guna,vrddhi,regular,,talmud_appendix1,authorial,spelling+homonym,
109,kṛt,1,kṛt,1 kṛt,I,R₁,veṭ,basic,guna,vrddhi,regular,,talmud_appendix1,authorial,spelling+homonym,
110,kṛt,2,kṛt,2 kṛt,I,R₁,veṭ,basic,guna,vrddhi,regular,,talmud_appendix1,authorial,spelling+homonym,
111,kṛp,,kṛp,kṛp,III,R₁,veṭ,basic,basic,vrddhi,under-strong,,talmud_appendix1,authorial,unique_spelling,
112,kṛś,,kṛś,kṛś,I,R₁,seṭ,basic,guna,vrddhi,regular,,talmud_appendix1,authorial,unique_spelling,
113,kṛṣ,,kṛṣ,kṛṣ,I,R₁,veṭ,basic,guna,vrddhi,regular,,talmud_appendix1,authorial,unique_spelling,
114,kḷp,,kḷp,kḷp,I,L,veṭ,basic,guna,vrddhi,regular,,talmud_appendix1,authorial,unique_spelling,
115,knū,,knū,knū,I,U₂,veṭ,basic,guna,vrddhi,regular,,talmud_appendix1,authorial,unique_spelling,
116,krakṣ,,krakṣ,krakṣ,II,A₁,seṭ,guna,guna,vrddhi,regular,guna_for_basic,talmud_appendix1,authorial,unique_spelling,
117,krath,,krath,krath,II,A₁,seṭ,guna,guna,vrddhi,regular,guna_for_basic,talmud_appendix1,authorial,unique_spelling,
118,krand,,krn̥d,"krand, kland",I,N₁,seṭ,basic,guna,vrddhi,regular,,talmud_appendix1,authorial,unique_spelling,
119,kram,,krm̥̄,kram,I,M₂,seṭ,basic,guna,vrddhi,regular,,talmud_appendix1,authorial,unique_spelling,
120,krī,,krī,krī,I,I₂,aniṭ,basic,guna,vrddhi,regular,,talmud_appendix1,authorial,unique_spelling,
121,krīḍ,,krīḍ,krīḍ,III,I₂,seṭ,basic,basic,vrddhi,under-strong,,talmud_appendix1,authorial,unique_spelling,
122,kru,,,,,,,,,,unclassifiable,,,,no_appendix1_entry,no_appendix1_entry
123,krudh,,krudh,krudh,I,U₁,aniṭ,basic,guna,vrddhi,regular,,talmud_appendix1,authorial,unique_spelling,
124,kruś,,kruś,kruś,I,U₁,aniṭ,basic,guna,vrddhi,regular,,talmud_appendix1,authorial,unique_spelling,
125,krūḍ,,,,,,,,,,unclassifiable,,,,no_appendix1_entry,no_appendix1_entry
126,klath,,klath,klath,II,A₁,seṭ,guna,guna,vrddhi,regular,guna_for_basic,talmud_appendix1,authorial,unique_spelling,
127,kland,,krn̥d,"krand, kland",I,N₁,seṭ,basic,guna,vrddhi,regular,,talmud_appendix1,authorial,unique_spelling,
128,klam,,klm̥̄,klam,I,M₂,veṭ,basic,guna,vrddhi,regular,,talmud_appendix1,authorial,unique_spelling,
129,klav,,,,,,,,,,unclassifiable,,,,no_appendix1_entry,no_appendix1_entry
130,klid,,klid,klid,I,I₁,veṭ,basic,guna,vrddhi,regular,,talmud_appendix1,authorial,unique_spelling,
131,kliś,,kliś,kliś,I,I₁,veṭ,basic,guna,vrddhi,regular,,talmud_appendix1,authorial,unique_spelling,
132,kvaṇ,,kvaṇ,kvaṇ,II,N,seṭ,guna,guna,vrddhi,regular,guna_for_basic,talmud_appendix1,authorial,unique_spelling,
133,kvath,,kvath,kvath,II,A₁,seṭ,guna,guna,vrddhi,regular,guna_for_basic,talmud_appendix1,authorial,unique_spelling,
134,kṣad,,kṣad,kṣad,II,A₁,aniṭ,guna,guna,vrddhi,regular,guna_for_basic,talmud_appendix1,authorial,unique_spelling,
135,kṣan,,kṣn̥,kṣan,I,N₁,seṭ,basic,guna,vrddhi,regular,,talmud_appendix1,authorial,unique_spelling,
136,kṣap,,kṣap,kṣap,II,A₁,veṭ,guna,guna,vrddhi,regular,guna_for_basic,talmud_appendix1,authorial,unique_spelling,
137,kṣam,,kṣm̥̄,kṣam,I,M₂,veṭ,basic,guna,vrddhi,regular,,talmud_appendix1,authorial,unique_spelling,
138,kṣar,,kṣar,kṣar,II,R,seṭ,guna,guna,vrddhi,regular,guna_for_basic,talmud_appendix1,authorial,unique_spelling,
139,kṣal,,,,,,,,,,unclassifiable,,,,no_appendix1_entry,no_appendix1_entry
140,kṣā,,kṣā,kṣā,II,A₂,aniṭ,guna,guna,vrddhi,regular,guna_for_basic,talmud_appendix1,authorial,unique_spelling,
141,kṣi,1,kṣi,1 kṣi,I,I₁,aniṭ,basic,guna,vrddhi,regular,,talmud_appendix1,authorial,spelling+homonym,
142,kṣi,2,kṣi,2 kṣi,I,I₁,veṭ,basic,guna,vrddhi,regular,,talmud_appendix1,authorial,spelling+homonym,
143,kṣip,,kṣip,kṣip,I,I₁,veṭ,basic,guna,vrddhi,regular,,talmud_appendix1,authorial,unique_spelling,
144,kṣu,,kṣu,kṣu,I,U₁,seṭ,basic,guna,vrddhi,regular,,talmud_appendix1,authorial,unique_spelling,
145,kṣud,,kṣud,kṣud,I,U₁,aniṭ,basic,guna,vrddhi,regular,,talmud_appendix1,authorial,unique_spelling,
146,kṣudh,,kṣudh,kṣudh,I,U₁,veṭ,basic,guna,vrddhi,regular,,talmud_appendix1,authorial,unique_spelling,
147,kṣup,,kṣup,kṣup,I,U₁,aniṭ,basic,guna,vrddhi,regular,,talmud_appendix1,authorial,unique_spelling,
148,kṣubh,,kṣubh,kṣubh,I,U₁,veṭ,basic,guna,vrddhi,regular,,talmud_appendix1,authorial,unique_spelling,
149,kṣṇu,,kṣṇu,kṣṇu,I,U₁,veṭ,basic,guna,vrddhi,regular,,talmud_appendix1,authorial,unique_spelling,
150,kṣmā,,kṣmai,kṣmā,IV,I,seṭ,vrddhi,vrddhi,vrddhi,over-strong,,talmud_appendix1,authorial,unique_spelling,
151,kṣviḍ,,kṣviḍ,kṣviḍ,I,I₁,seṭ,basic,guna,vrddhi,regular,,talmud_appendix1,authorial,unique_spelling,
152,kṣvid,,,,,,,,,,unclassifiable,,,,no_appendix1_entry,no_appendix1_entry
153,kṣvel,,kṣvel,kṣvel,II,I,seṭ,guna,guna,vrddhi,regular,guna_for_basic,talmud_appendix1,authorial,unique_spelling,
154,khac,,khac,khac,II,A₁,seṭ,guna,guna,vrddhi,regular,guna_for_basic,talmud_appendix1,authorial,unique_spelling,
155,khañj,,,,,,,,,,unclassifiable,,,,no_appendix1_entry,no_appendix1_entry
156,khad,,khad,khad,II,A₁,aniṭ,guna,guna,vrddhi,regular,guna_for_basic,talmud_appendix1,authorial,unique_spelling,
157,khan,,khn̥̄,"khan, khā",I,N₂,seṭ,basic,guna,vrddhi,regular,,talmud_appendix1,authorial,unique_spelling,
158,kharj,,kharj,kharj,II,R,seṭ,guna,guna,vrddhi,regular,guna_for_basic,talmud_appendix1,authorial,unique_spelling,
159,khall,,khall,khall,II,A₁,seṭ,guna,guna,vrddhi,regular,guna_for_basic,talmud_appendix1,authorial,unique_spelling,
160,khā,,khn̥̄,"khan, khā",I,N₂,seṭ,basic,guna,vrddhi,regular,,talmud_appendix1,authorial,unique_spelling,
161,khād,,khād,khād,II,A₂,seṭ,guna,guna,vrddhi,regular,guna_for_basic,talmud_appendix1,authorial,unique_spelling,
162,khid,,khid,khid,I,I₁,veṭ,basic,guna,vrddhi,regular,,talmud_appendix1,authorial,unique_spelling,
163,khud,,khud,khud,I,U₁,aniṭ,basic,guna,vrddhi,regular,,talmud_appendix1,authorial,unique_spelling,
164,khel,,khel,khel,II,I,seṭ,guna,guna,vrddhi,regular,guna_for_basic,talmud_appendix1,authorial,unique_spelling,
165,khyā,,khyā,khyā,II,A₂,aniṭ,guna,guna,vrddhi,regular,guna_for_basic,talmud_appendix1,authorial,unique_spelling,
166,gach,,gm̥,"gam, gach",I,M₁,veṭ,basic,guna,vrddhi,regular,,talmud_appendix1,authorial,unique_spelling,
167,gad,,gad,gad,II,A₁,seṭ,guna,guna,vrddhi,regular,guna_for_basic,talmud_appendix1,authorial,unique_spelling,
168,gadh,,gadh,gadh,II,A₁,seṭ,guna,guna,vrddhi,regular,guna_for_basic,talmud_appendix1,authorial,unique_spelling,
169,gabh,,,,,,,,,,unclassifiable,,,,no_appendix1_entry,no_appendix1_entry
170,gam,,gm̥,"gam, gach",I,M₁,veṭ,basic,guna,vrddhi,regular,,talmud_appendix1,authorial,unique_spelling,
171,garj,,garj,garj,II,R,seṭ,guna,guna,vrddhi,regular,guna_for_basic,talmud_appendix1,authorial,unique_spelling,
172,gard,,,,,,,,,,unclassifiable,,,,no_appendix1_entry,no_appendix1_entry
173,garh,,garh,garh,II,R,seṭ,guna,guna,vrddhi,regular,guna_for_basic,talmud_appendix1,authorial,unique_spelling,
174,gal,,gal,gal,II,L,seṭ,guna,guna,vrddhi,regular,guna_for_basic,talmud_appendix1,authorial,unique_spelling,
175,galbh,,galbh,galbh,II,L,seṭ,guna,guna,vrddhi,regular,guna_for_basic,talmud_appendix1,authorial,unique_spelling,
176,gā,1,gø̄,1 gā,I,A₂,aniṭ,basic,guna,vrddhi,regular,,talmud_appendix1,authorial,spelling+homonym,
177,gā,2,gø̄,2 gā,I,A₂,aniṭ,basic,guna,vrddhi,regular,,talmud_appendix1,authorial,spelling+homonym,
178,gāh,,gāh,gāh,II,A₂,veṭ,guna,guna,vrddhi,regular,guna_for_basic,talmud_appendix1,authorial,unique_spelling,
179,gir,,gṝ,"2 gṛ, gir, gil",I,R₂,seṭ,basic,guna,vrddhi,regular,,talmud_appendix1,authorial,unique_spelling,
180,gu,,gu,gu,I,U₁,aniṭ,basic,guna,vrddhi,regular,,talmud_appendix1,authorial,unique_spelling,
181,guñj,,guñj,guñj,III,U₁,seṭ,basic,basic,vrddhi,under-strong,,talmud_appendix1,authorial,unique_spelling,
182,guṇṭh,,,,,,,,,,unclassifiable,,,,no_appendix1_entry,no_appendix1_entry
183,gup,,gup,gup,I,U₁,veṭ,basic,guna,vrddhi,regular,,talmud_appendix1,authorial,unique_spelling,
184,guph,,,,,,,,,,unclassifiable,,,,no_appendix1_entry,no_appendix1_entry
185,gur,,gur,gur,III,U₁,veṭ,basic,basic,vrddhi,under-strong,,talmud_appendix1,authorial,unique_spelling,
186,gulph,,,,,,,,,,unclassifiable,,,,no_appendix1_entry,no_appendix1_entry
187,guh,,guh,guh,I,U₁,aniṭ,basic,guna,vrddhi,regular,,talmud_appendix1,authorial,unique_spelling,
188,gūrd,,,,,,,,,,unclassifiable,,,,no_appendix1_entry,no_appendix1_entry
189,gūrdh,,,,,,,,,,unclassifiable,,,,no_appendix1_entry,no_appendix1_entry
190,gṛ,1,gṝ,1 gṛ,I,R₂,seṭ,basic,guna,vrddhi,regular,,talmud_appendix1,authorial,spelling+homonym,
191,gṛ,2,gṝ,"2 gṛ, gir, gil",I,R₂,seṭ,basic,guna,vrddhi,regular,,talmud_appendix1,authorial,spelling+homonym,
192,gṛ,3,jāgṛ,"3 gṛ, jāgṛ",I,R₁,seṭ,basic,guna,vrddhi,regular,,talmud_appendix1,authorial,spelling+homonym,
193,gṛdh,,gṛdh,gṛdh,I,R₁,veṭ,basic,guna,vrddhi,regular,,talmud_appendix1,authorial,unique_spelling,
194,gai,,,,,,,,,,unclassifiable,,,,no_appendix1_entry,no_appendix1_entry
195,grath,,grn̥th,"grath, granth",I,N₁,seṭ,basic,guna,vrddhi,regular,,talmud_appendix1,authorial,unique_spelling,
196,grabh,,gṛøh,"grabh, grah",I,A₁,seṭ,basic,guna,vrddhi,regular,,talmud_appendix1,authorial,unique_spelling,
197,gras,,gras,gras,II,A₁,veṭ,guna,guna,vrddhi,regular,guna_for_basic,talmud_appendix1,authorial,unique_spelling,
198,glap,,,,,,,,,,unclassifiable,,,,no_appendix1_entry,no_appendix1_entry
199,glah,,glah,glah,II,A₁,veṭ,guna,guna,vrddhi,regular,guna_for_basic,talmud_appendix1,authorial,unique_spelling,
200,glā,,glā,glā,II,A₂,aniṭ,guna,guna,vrddhi,regular,guna_for_basic,talmud_appendix1,authorial,unique_spelling,
201,ghaṭ,,ghaṭ,ghaṭ,II,A₁,seṭ,guna,guna,vrddhi,regular,guna_for_basic,talmud_appendix1,authorial,unique_spelling,
202,ghaṭṭ,,ghaṭṭ,ghaṭṭ,II,A₁,seṭ,guna,guna,vrddhi,regular,guna_for_basic,talmud_appendix1,authorial,unique_spelling,
203,ghar,,,,,,,,,,unclassifiable,,,,no_appendix1_entry,no_appendix1_entry
204,ghas,,ghas,ghas,II,A₁,aniṭ,guna,guna,vrddhi,regular,guna_for_basic,talmud_appendix1,authorial,unique_spelling,
205,ghuṭ,,ghuṭ,ghuṭ,I,U₁,seṭ,basic,guna,vrddhi,regular,,talmud_appendix1,authorial,unique_spelling,
206,ghuṣ,,ghuṣ,ghuṣ,I,U₁,veṭ,basic,guna,vrddhi,regular,,talmud_appendix1,authorial,unique_spelling,
207,ghūrṇ,,ghūrṇ,ghūrṇ,III,U₂,seṭ,basic,basic,vrddhi,under-strong,,talmud_appendix1,authorial,unique_spelling,
208,ghṛ,,ghṛ,ghṛ,I,R₁,veṭ,basic,guna,vrddhi,regular,,talmud_appendix1,authorial,unique_spelling,
209,ghṛṣ,,ghṛṣ,ghṛṣ,I,R₁,veṭ,basic,guna,vrddhi,regular,,talmud_appendix1,authorial,unique_spelling,
210,ghrā,,ghrā,ghrā,II,A₂,aniṭ,guna,guna,vrddhi,regular,guna_for_basic,talmud_appendix1,authorial,unique_spelling,
211,cak,,cak,cak,II,A₁,seṭ,guna,guna,vrddhi,regular,guna_for_basic,talmud_appendix1,authorial,unique_spelling,
212,cakās,,,,,,,,,,unclassifiable,,,,no_appendix1_entry,no_appendix1_entry
213,cakṣ,,cakṣ,cakṣ,II,A₁,aniṭ,guna,guna,vrddhi,regular,guna_for_basic,talmud_appendix1,authorial,unique_spelling,
214,cañc,,canc,cañc,II,N,seṭ,guna,guna,vrddhi,regular,guna_for_basic,talmud_appendix1,authorial,unique_spelling,
215,caṭ,,caṭ,caṭ,II,A₁,seṭ,guna,guna,vrddhi,regular,guna_for_basic,talmud_appendix1,authorial,unique_spelling,
216,cat,,cat,cat,II,A₁,veṭ,guna,guna,vrddhi,regular,guna_for_basic,talmud_appendix1,authorial,unique_spelling,
217,can,,cn̥̄,can,I,N₂,seṭ,basic,guna,vrddhi,regular,,talmud_appendix1,authorial,unique_spelling,
218,cand,,cn̥d,"ścand, cand",I,N₁,seṭ,basic,guna,vrddhi,regular,,talmud_appendix1,authorial,unique_spelling,
219,cam,,cm̥̄,cam,I,M₂,seṭ,basic,guna,vrddhi,regular,,talmud_appendix1,authorial,unique_spelling,
220,car,,car,car,II,R,seṭ,guna,guna,vrddhi,regular,guna_for_basic,talmud_appendix1,authorial,unique_spelling,
221,carc,,carc,carc,II,R,seṭ,guna,guna,vrddhi,regular,guna_for_basic,talmud_appendix1,authorial,unique_spelling,
222,carv,,carv,carv,II,R,seṭ,guna,guna,vrddhi,regular,guna_for_basic,talmud_appendix1,authorial,unique_spelling,
223,cal,,cal,cal,II,L,seṭ,guna,guna,vrddhi,regular,guna_for_basic,talmud_appendix1,authorial,unique_spelling,
224,cāy,,cai,cāy,IV,I,seṭ,vrddhi,vrddhi,vrddhi,over-strong,,talmud_appendix1,authorial,unique_spelling,
225,ci,1,ci,1 ci,I,I₁,veṭ,basic,guna,vrddhi,regular,,talmud_appendix1,authorial,spelling+homonym,
226,ci,2,ci,2 ci,I,I₁,aniṭ,basic,guna,vrddhi,regular,,talmud_appendix1,authorial,spelling+homonym,
227,cit,,cit,cit,I,I₁,veṭ,basic,guna,vrddhi,regular,,talmud_appendix1,authorial,unique_spelling,
228,cint,,,,,,,,,,unclassifiable,,,,no_appendix1_entry,no_appendix1_entry
229,cud,,cud,cud,I,U₁,seṭ,basic,guna,vrddhi,regular,,talmud_appendix1,authorial,unique_spelling,
230,cup,,cup,cup,I,U₁,seṭ,basic,guna,vrddhi,regular,,talmud_appendix1,authorial,unique_spelling,
231,cumb,,cumb,cumb,III,U₁,seṭ,basic,basic,vrddhi,under-strong,,talmud_appendix1,authorial,unique_spelling,
232,cur,,,,,,,,,,unclassifiable,,,,no_appendix1_entry,no_appendix1_entry
233,culump,,,,,,,,,,unclassifiable,,,,no_appendix1_entry,no_appendix1_entry
234,cūṣ,,cūṣ,cūṣ,III,U₂,seṭ,basic,basic,vrddhi,under-strong,,talmud_appendix1,authorial,unique_spelling,
235,cṛt,,cṛt,cṛt,I,R₁,veṭ,basic,guna,vrddhi,regular,,talmud_appendix1,authorial,unique_spelling,
236,ceṣṭ,,ceṣṭ,ceṣṭ,II,I,seṭ,guna,guna,vrddhi,regular,guna_for_basic,talmud_appendix1,authorial,unique_spelling,
237,cyu,,cyu,cyu,I,U₁,aniṭ,basic,guna,vrddhi,regular,,talmud_appendix1,authorial,unique_spelling,
238,cyut,,cyut,cyut,I,U₁,seṭ,basic,guna,vrddhi,regular,,talmud_appendix1,authorial,unique_spelling,
239,chad,,,,,,,,,,unclassifiable,,,,ambiguous_conflicting,ambiguous_conflicting
240,chand,,chn̥d,"chand, chad",I,N₁,aniṭ,basic,guna,vrddhi,regular,,talmud_appendix1,authorial,unique_spelling,
241,chā,,chø̄,chā,I,A₂,aniṭ,basic,guna,vrddhi,regular,,talmud_appendix1,authorial,unique_spelling,
242,chid,,chid,chid,I,I₁,aniṭ,basic,guna,vrddhi,regular,,talmud_appendix1,authorial,unique_spelling,
243,chuṭ,,chuḍ,"chuṭ, chuḍ",I,U₁,seṭ,basic,guna,vrddhi,regular,,talmud_appendix1,authorial,unique_spelling,
244,chur,,chur,chur,I,U₁,seṭ,basic,guna,vrddhi,regular,,talmud_appendix1,authorial,unique_spelling,
245,chṛd,,chṛd,chṛd,I,R₁,veṭ,basic,guna,vrddhi,regular,,talmud_appendix1,authorial,unique_spelling,
246,jakṣ,1,jakṣ,1 jakṣ,II,A₁,veṭ,guna,guna,vrddhi,regular,guna_for_basic,talmud_appendix1,authorial,unique_spelling,
247,jakṣ,2,jakṣ,1 jakṣ,II,A₁,veṭ,guna,guna,vrddhi,regular,guna_for_basic,talmud_appendix1,authorial,unique_spelling,
248,jagh,,jagh,jagh,II,A₁,veṭ,guna,guna,vrddhi,regular,guna_for_basic,talmud_appendix1,authorial,unique_spelling,
249,jan,,jn̥̄,"jan, jā",I,N₂,seṭ,basic,guna,vrddhi,regular,,talmud_appendix1,authorial,unique_spelling,
250,jap,,jap,jap,II,A₁,veṭ,guna,guna,vrddhi,regular,guna_for_basic,talmud_appendix1,authorial,unique_spelling,
251,jam,,,,,,,,,,unclassifiable,,,,no_appendix1_entry,no_appendix1_entry
252,jambh,,jn̥bh,"jambh, jabh",I,N₁,veṭ,basic,guna,vrddhi,regular,,talmud_appendix1,authorial,unique_spelling,
253,jar,,,,,,,,,,unclassifiable,,,,no_appendix1_entry,no_appendix1_entry
254,jalp,,jalp,jalp,II,L,seṭ,guna,guna,vrddhi,regular,guna_for_basic,talmud_appendix1,authorial,unique_spelling,
255,jas,,jas,jas,II,A₁,veṭ,guna,guna,vrddhi,regular,guna_for_basic,talmud_appendix1,authorial,unique_spelling,
256,jah,,,,,,,,,,unclassifiable,,,,no_appendix1_entry,no_appendix1_entry
257,jā,,jn̥̄,"jan, jā",I,N₂,seṭ,basic,guna,vrddhi,regular,,talmud_appendix1,authorial,unique_spelling,
258,ji,1,ji,1 ji,I,I₁,veṭ,basic,guna,vrddhi,regular,,talmud_appendix1,authorial,spelling+homonym,
259,ji,2,jinv,"2 ji, jinv",III,I₁,seṭ,basic,basic,vrddhi,under-strong,,talmud_appendix1,authorial,spelling+homonym,
260,jīv,,jīv,jīv,III,I₂,seṭ,basic,basic,vrddhi,under-strong,,talmud_appendix1,authorial,unique_spelling,
261,jur,,jṝ,"1 jṛ, jur",I,R₂,seṭ,basic,guna,vrddhi,regular,,talmud_appendix1,authorial,unique_spelling,
262,juṣ,,juṣ,juṣ,I,U₁,veṭ,basic,guna,vrddhi,regular,,talmud_appendix1,authorial,unique_spelling,
263,jū,,jū,jū,I,U₂,seṭ,basic,guna,vrddhi,regular,,talmud_appendix1,authorial,unique_spelling,
264,jūrv,,,,,,,,,,unclassifiable,,,,no_appendix1_entry,no_appendix1_entry
265,jṛ,1,jṝ,"1 jṛ, jur",I,R₂,seṭ,basic,guna,vrddhi,regular,,talmud_appendix1,authorial,spelling+homonym,
266,jṛ,2,jṛ,2 jṛ,I,R₁,seṭ,basic,guna,vrddhi,regular,,talmud_appendix1,authorial,spelling+homonym,
267,jṛmbh,,jṛmbh,jṛmbh,III,R₁,seṭ,basic,basic,vrddhi,under-strong,,talmud_appendix1,authorial,unique_spelling,
268,jeh,,jeh,jeh,II,I,seṭ,guna,guna,vrddhi,regular,guna_for_basic,talmud_appendix1,authorial,unique_spelling,
269,jñā,,jñā,jñā,II,A₂,aniṭ,guna,guna,vrddhi,regular,guna_for_basic,talmud_appendix1,authorial,unique_spelling,
270,jyā,,jīø̄,"jyā, jī",I,A₂,aniṭ,basic,guna,vrddhi,regular,,talmud_appendix1,authorial,unique_spelling,
271,jyut,,jyut,jyut,I,U₁,veṭ,basic,guna,vrddhi,regular,,talmud_appendix1,authorial,unique_spelling,
272,jri,,jri,jri,I,I₁,aniṭ,basic,guna,vrddhi,regular,,talmud_appendix1,authorial,unique_spelling,
273,jvar,,jvar,jvar,II,R,seṭ,guna,guna,vrddhi,regular,guna_for_basic,talmud_appendix1,authorial,unique_spelling,
274,jval,,jval,jval,II,L,seṭ,guna,guna,vrddhi,regular,guna_for_basic,talmud_appendix1,authorial,unique_spelling,
275,jhaṭ,,,,,,,,,,unclassifiable,,,,no_appendix1_entry,no_appendix1_entry
276,jhaṇ,,,,,,,,,,unclassifiable,,,,no_appendix1_entry,no_appendix1_entry
277,jhar,,jhar,jhar,II,R,seṭ,guna,guna,vrddhi,regular,guna_for_basic,talmud_appendix1,authorial,unique_spelling,
278,ṭaṅk,,,,,,,,,,unclassifiable,,,,no_appendix1_entry,no_appendix1_entry
279,ṭal,,ṭal,ṭal,II,L,seṭ,guna,guna,vrddhi,regular,guna_for_basic,talmud_appendix1,authorial,unique_spelling,
280,ṭīk,,ṭīk,ṭīk,III,I₂,seṭ,basic,basic,vrddhi,under-strong,,talmud_appendix1,authorial,unique_spelling,
281,ṭup,,,,,,,,,,unclassifiable,,,,no_appendix1_entry,no_appendix1_entry
282,ḍam,,ḍam,ḍam,II,M,seṭ,guna,guna,vrddhi,regular,guna_for_basic,talmud_appendix1,authorial,unique_spelling,
283,ḍamb,,ḍanb,ḍamb,II,N,seṭ,guna,guna,vrddhi,regular,guna_for_basic,talmud_appendix1,authorial,unique_spelling,
284,ḍī,,ḍī,ḍī,I,I₂,seṭ,basic,guna,vrddhi,regular,,talmud_appendix1,authorial,unique_spelling,
285,ḍval,,,,,,,,,,unclassifiable,,,,no_appendix1_entry,no_appendix1_entry
286,ḍhauk,,ḍhauk,ḍhauk,IV,U,seṭ,vrddhi,vrddhi,vrddhi,over-strong,,talmud_appendix1,authorial,unique_spelling,
287,taṃs,,tn̥s,"taṃs, tas",I,N₁,veṭ,basic,guna,vrddhi,regular,,talmud_appendix1,authorial,unique_spelling,
288,tak,,tak,tak,II,A₁,veṭ,guna,guna,vrddhi,regular,guna_for_basic,talmud_appendix1,authorial,unique_spelling,
289,takṣ,,takṣ,takṣ,II,A₁,veṭ,guna,guna,vrddhi,regular,guna_for_basic,talmud_appendix1,authorial,unique_spelling,
290,tañc,,tn̥c,"tañc, tac",I,N₁,veṭ,basic,guna,vrddhi,regular,,talmud_appendix1,authorial,unique_spelling,
291,taṭ,,,,,,,,,,unclassifiable,,,,no_appendix1_entry,no_appendix1_entry
292,taḍ,,taḍ,taḍ,II,A₁,seṭ,guna,guna,vrddhi,regular,guna_for_basic,talmud_appendix1,authorial,unique_spelling,
293,tan,1,tn̥,"1 tan, tā",I,N₁,veṭ,basic,guna,vrddhi,regular,,talmud_appendix1,authorial,unique_spelling,
294,tan,2,tn̥,"1 tan, tā",I,N₁,veṭ,basic,guna,vrddhi,regular,,talmud_appendix1,authorial,unique_spelling,
295,tand,,tand,tand,II,N,seṭ,guna,guna,vrddhi,regular,guna_for_basic,talmud_appendix1,authorial,unique_spelling,
296,tap,,tap,tap,II,A₁,veṭ,guna,guna,vrddhi,regular,guna_for_basic,talmud_appendix1,authorial,unique_spelling,
297,tam,,tm̥̄,tam,I,M₂,seṭ,basic,guna,vrddhi,regular,,talmud_appendix1,authorial,unique_spelling,
298,tark,,,,,,,,,,unclassifiable,,,,no_appendix1_entry,no_appendix1_entry
299,tarj,,tarj,tarj,II,R,seṭ,guna,guna,vrddhi,regular,guna_for_basic,talmud_appendix1,authorial,unique_spelling,
300,tas,,tn̥s,"taṃs, tas",I,N₁,veṭ,basic,guna,vrddhi,regular,,talmud_appendix1,authorial,unique_spelling,
301,tā,,tn̥,"1 tan, tā",I,N₁,veṭ,basic,guna,vrddhi,regular,,talmud_appendix1,authorial,unique_spelling,
302,tāy,,tai,tāy,II,I,seṭ,guna,guna,vrddhi,regular,guna_for_basic,talmud_appendix1,authorial,unique_spelling,
303,tāv,,,,,,,,,,unclassifiable,,,,no_appendix1_entry,no_appendix1_entry
304,ti,,,,,,,,,,unclassifiable,,,,no_appendix1_entry,no_appendix1_entry
305,tij,,tij,tij,I,I₁,aniṭ,basic,guna,vrddhi,regular,,talmud_appendix1,authorial,unique_spelling,
306,tim,,tim,tim,I,I₁,seṭ,basic,guna,vrddhi,regular,,talmud_appendix1,authorial,unique_spelling,
307,tir,,tṝ,"tṛ, tir, tur",I,R₂,veṭ,basic,guna,vrddhi,regular,,talmud_appendix1,authorial,unique_spelling,
308,til,,,,,,,,,,unclassifiable,,,,no_appendix1_entry,no_appendix1_entry
309,tu,,tu,tu,I,U₁,seṭ,basic,guna,vrddhi,regular,,talmud_appendix1,authorial,unique_spelling,
310,tuc,,,,,,,,,,unclassifiable,,,,no_appendix1_entry,no_appendix1_entry
311,tuj,,tuj,tuj,I,U₁,veṭ,basic,guna,vrddhi,regular,,talmud_appendix1,authorial,unique_spelling,
312,tud,,tud,tud,I,U₁,aniṭ,basic,guna,vrddhi,regular,,talmud_appendix1,authorial,unique_spelling,
313,tur,,tṝ,"tṛ, tir, tur",I,R₂,veṭ,basic,guna,vrddhi,regular,,talmud_appendix1,authorial,unique_spelling,
314,turv,,,,,,,,,,unclassifiable,,,,no_appendix1_entry,no_appendix1_entry
315,tul,,tul,tul,I,U₁,seṭ,basic,guna,vrddhi,regular,,talmud_appendix1,authorial,unique_spelling,
316,tuś,,tuś,tuś,I,U₁,seṭ,basic,guna,vrddhi,regular,,talmud_appendix1,authorial,unique_spelling,
317,tuṣ,,tuṣ,tuṣ,I,U₁,aniṭ,basic,guna,vrddhi,regular,,talmud_appendix1,authorial,unique_spelling,
318,tūrv,,,,,,,,,,unclassifiable,,,,no_appendix1_entry,no_appendix1_entry
319,tṛ,,tṝ,"tṛ, tir, tur",I,R₂,veṭ,basic,guna,vrddhi,regular,,talmud_appendix1,authorial,unique_spelling,
320,tṛd,,tṛd,tṛd,I,R₁,veṭ,basic,guna,vrddhi,regular,,talmud_appendix1,authorial,unique_spelling,
321,tṛp,,tṛp,tṛp,I,R₁,veṭ,basic,guna,vrddhi,regular,,talmud_appendix1,authorial,unique_spelling,
322,tṛṣ,,tṛṣ,tṛṣ,I,R₁,veṭ,basic,guna,vrddhi,regular,,talmud_appendix1,authorial,unique_spelling,
323,tṛh,,tṛh,tṛh,I,R₁,veṭ,basic,guna,vrddhi,regular,,talmud_appendix1,authorial,unique_spelling,
324,tyaj,,tyaj,tyaj,II,A₁,veṭ,guna,guna,vrddhi,regular,guna_for_basic,talmud_appendix1,authorial,unique_spelling,
325,trap,,trap,trap,II,A₁,veṭ,guna,guna,vrddhi,regular,guna_for_basic,talmud_appendix1,authorial,unique_spelling,
326,tras,,tras,tras,II,A₁,veṭ,guna,guna,vrddhi,regular,guna_for_basic,talmud_appendix1,authorial,unique_spelling,
327,trā,,trā,trā,II,A₂,aniṭ,guna,guna,vrddhi,regular,guna_for_basic,talmud_appendix1,authorial,unique_spelling,
328,truṭ,,truṭ,truṭ,I,U₁,seṭ,basic,guna,vrddhi,regular,,talmud_appendix1,authorial,unique_spelling,
329,tvakṣ,,tvakṣ,tvakṣ,II,A₁,veṭ,guna,guna,vrddhi,regular,guna_for_basic,talmud_appendix1,authorial,unique_spelling,
330,tvaṅg,,tvang,tvaṅg,II,N,seṭ,guna,guna,vrddhi,regular,guna_for_basic,talmud_appendix1,authorial,unique_spelling,
331,tvac,,,,,,,,,,unclassifiable,,,,no_appendix1_entry,no_appendix1_entry
332,tvar,,,,,,,,,,unclassifiable,,,,no_appendix1_entry,no_appendix1_entry
333,tviṣ,,tviṣ,tviṣ,I,I₁,veṭ,basic,guna,vrddhi,regular,,talmud_appendix1,authorial,unique_spelling,
334,tsar,,tsar,tsar,II,R,seṭ,guna,guna,vrddhi,regular,guna_for_basic,talmud_appendix1,authorial,unique_spelling,
335,daṃś,,dn̥ś,"daṃś, daś",I,N₁,aniṭ,basic,guna,vrddhi,regular,,talmud_appendix1,authorial,unique_spelling,
336,daṃs,,,,,,,,,,unclassifiable,,,,no_appendix1_entry,no_appendix1_entry
337,dakṣ,,dakṣ,dakṣ,II,A₁,seṭ,guna,guna,vrddhi,regular,guna_for_basic,talmud_appendix1,authorial,unique_spelling,
338,dagh,,dagh,dagh,II,A₁,seṭ,guna,guna,vrddhi,regular,guna_for_basic,talmud_appendix1,authorial,unique_spelling,
339,dad,,dø̄,"1 dā, dad",I,A₂,aniṭ,basic,guna,vrddhi,regular,,talmud_appendix1,authorial,unique_spelling,
340,dadh,,dhø̄,"1 dhā, dadh",I,A₂,aniṭ,basic,guna,vrddhi,regular,,talmud_appendix1,authorial,unique_spelling,
341,dan,,,,,,,,,,unclassifiable,,,,no_appendix1_entry,no_appendix1_entry
342,dabh,,dn̥bh,"dabh, dambh",I,N₁,veṭ,basic,guna,vrddhi,regular,,talmud_appendix1,authorial,unique_spelling,
343,dam,,dm̥̄,dam,I,M₂,seṭ,basic,guna,vrddhi,regular,,talmud_appendix1,authorial,unique_spelling,
344,day,,de,day,II,I,seṭ,guna,guna,vrddhi,regular,guna_for_basic,talmud_appendix1,authorial,unique_spelling,
345,daridrā,,,,,,,,,,unclassifiable,,,,no_appendix1_entry,no_appendix1_entry
346,dal,,dal,dal,II,L,seṭ,guna,guna,vrddhi,regular,guna_for_basic,talmud_appendix1,authorial,unique_spelling,
347,das,,das,"das, dās",II,A₁,veṭ,guna,guna,vrddhi,regular,guna_for_basic,talmud_appendix1,authorial,unique_spelling,
348,dah,,dah,dah,II,A₁,veṭ,guna,guna,vrddhi,regular,guna_for_basic,talmud_appendix1,authorial,unique_spelling,
349,dā,1,dø̄,"1 dā, dad",I,A₂,aniṭ,basic,guna,vrddhi,regular,,talmud_appendix1,authorial,spelling+homonym,
350,dā,2,dø̄,2 dā,I,A₂,aniṭ,basic,guna,vrddhi,regular,,talmud_appendix1,authorial,spelling+homonym,
351,dā,3,dø̄,"3 dā, di",I,A₂,aniṭ,basic,guna,vrddhi,regular,,talmud_appendix1,authorial,spelling+homonym,
352,dā,4,dā,4 dā,II,A₂,aniṭ,guna,guna,vrddhi,regular,guna_for_basic,talmud_appendix1,authorial,spelling+homonym,
353,dāś,,dāś,dāś,II,A₂,seṭ,guna,guna,vrddhi,regular,guna_for_basic,talmud_appendix1,authorial,unique_spelling,
354,dās,,das,"das, dās",II,A₁,veṭ,guna,guna,vrddhi,regular,guna_for_basic,talmud_appendix1,authorial,unique_spelling,
355,div,,,,,,,,,,unclassifiable,,,,no_appendix1_entry,no_appendix1_entry
356,diś,,diś,diś,I,I₁,aniṭ,basic,guna,vrddhi,regular,,talmud_appendix1,authorial,unique_spelling,
357,dih,,dih,dih,I,I₁,aniṭ,basic,guna,vrddhi,regular,,talmud_appendix1,authorial,unique_spelling,
358,dī,1,dī,"2 dī, dīdī",I,I₂,,basic,guna,vrddhi,regular,,talmud_appendix1,authorial,unique_spelling,
359,dī,2,dī,"2 dī, dīdī",I,I₂,,basic,guna,vrddhi,regular,,talmud_appendix1,authorial,unique_spelling,
360,dīkṣ,,dīkṣ,dīkṣ,III,I₂,seṭ,basic,basic,vrddhi,under-strong,,talmud_appendix1,authorial,unique_spelling,
361,dīdhī,,dhī,"dhī, dīdhī",I,I₂,veṭ,basic,guna,vrddhi,regular,,talmud_appendix1,authorial,unique_spelling,
362,dīp,,dīp,dīp,III,I₂,veṭ,basic,basic,vrddhi,under-strong,,talmud_appendix1,authorial,unique_spelling,
363,dīv,1,dīv,1 dīv,I,I₂,seṭ,basic,guna,vrddhi,regular,,talmud_appendix1,authorial,spelling+homonym,
364,dīv,2,dīv,2 dīv (dev),I,I₂,seṭ,basic,guna,vrddhi,regular,,talmud_appendix1,authorial,spelling+homonym,
365,du,,dū,"du, dū",I,U₂,aniṭ,basic,guna,vrddhi,regular,,talmud_appendix1,authorial,unique_spelling,
366,dudh,,dudh,dudh,I,U₁,seṭ,basic,guna,vrddhi,regular,,talmud_appendix1,authorial,unique_spelling,
367,dul,,,,,,,,,,unclassifiable,,,,no_appendix1_entry,no_appendix1_entry
368,duṣ,,duṣ,duṣ,I,U₁,aniṭ,basic,guna,vrddhi,regular,,talmud_appendix1,authorial,unique_spelling,
369,duh,,duh,duh,I,U₁,aniṭ,basic,guna,vrddhi,regular,,talmud_appendix1,authorial,unique_spelling,
370,dū,,dū,"du, dū",I,U₂,aniṭ,basic,guna,vrddhi,regular,,talmud_appendix1,authorial,unique_spelling,
371,dṛ,1,dṛ,1 dṛ,I,R₁,veṭ,basic,guna,vrddhi,regular,,talmud_appendix1,authorial,spelling+homonym,
372,dṛ,2,dṛ,2 dṛ,I,R₁,veṭ,basic,guna,vrddhi,regular,,talmud_appendix1,authorial,spelling+homonym,
373,dṛp,,dṛp,dṛp,I,R₁,veṭ,basic,guna,vrddhi,regular,,talmud_appendix1,authorial,unique_spelling,
374,dṛbh,,dṛbh,dṛbh,I,R₁,veṭ,basic,guna,vrddhi,regular,,talmud_appendix1,authorial,unique_spelling,
375,dṛś,,dṛś,dṛś,I,R₁,aniṭ,basic,guna,vrddhi,regular,,talmud_appendix1,authorial,unique_spelling,
376,dṛh,,dṛh,"dṛh, dṛṃh",I,R₁,veṭ,basic,guna,vrddhi,regular,,talmud_appendix1,authorial,unique_spelling,
377,dev,,,,,,,,,,unclassifiable,,,,no_appendix1_entry,no_appendix1_entry
378,dyu,,,,,,,,,,unclassifiable,,,,no_appendix1_entry,no_appendix1_entry
379,dyut,,dyut,dyut,I,U₁,veṭ,basic,guna,vrddhi,regular,,talmud_appendix1,authorial,unique_spelling,
380,dram,,dram,dram,II,M,seṭ,guna,guna,vrddhi,regular,guna_for_basic,talmud_appendix1,authorial,unique_spelling,
381,drā,1,drā,1 drā,II,A₂,aniṭ,guna,guna,vrddhi,regular,guna_for_basic,talmud_appendix1,authorial,spelling+homonym,
382,drā,2,drā,2 drā,II,A₂,aniṭ,guna,guna,vrddhi,regular,guna_for_basic,talmud_appendix1,authorial,spelling+homonym,
383,drāḍ,,,,,,,,,,unclassifiable,,,,no_appendix1_entry,no_appendix1_entry
384,dru,,dru,dru,I,U₁,aniṭ,basic,guna,vrddhi,regular,,talmud_appendix1,authorial,unique_spelling,
385,druh,,druh,druh,I,U₁,veṭ,basic,guna,vrddhi,regular,,talmud_appendix1,authorial,unique_spelling,
386,drū,,drū,drū,I,U₂,seṭ,basic,guna,vrddhi,regular,,talmud_appendix1,authorial,unique_spelling,
388,dviṣ,,dviṣ,dviṣ,I,I₁,aniṭ,basic,guna,vrddhi,regular,,talmud_appendix1,authorial,unique_spelling,
389,dhan,,,,,,,,,,unclassifiable,,,,no_appendix1_entry,no_appendix1_entry
390,dhanv,,,,,,,,,,unclassifiable,,,,no_appendix1_entry,no_appendix1_entry
391,dham,,dhmā,"dham, dhmā",II,A₂,aniṭ,guna,guna,vrddhi,regular,guna_for_basic,talmud_appendix1,authorial,unique_spelling,
392,dhav,,,,,,,,,,unclassifiable,,,,no_appendix1_entry,no_appendix1_entry
393,dhā,1,dhø̄,"1 dhā, dadh",I,A₂,aniṭ,basic,guna,vrddhi,regular,,talmud_appendix1,authorial,spelling+homonym,
394,dhā,2,dhø̄,2 dhā,I,A₂,aniṭ,basic,guna,vrddhi,regular,,talmud_appendix1,authorial,spelling+homonym,
395,dhāv,1,dhau,1 dhāv,IV,U,seṭ,vrddhi,vrddhi,vrddhi,over-strong,,talmud_appendix1,authorial,spelling+homonym,
396,dhāv,2,dhau,2 dhāv,IV,U,veṭ,vrddhi,vrddhi,vrddhi,over-strong,,talmud_appendix1,authorial,spelling+homonym,
397,dhi,,dhinv,"dhi, dhinv",III,I₁,seṭ,basic,basic,vrddhi,under-strong,,talmud_appendix1,authorial,unique_spelling,
398,dhī,,dhī,"dhī, dīdhī",I,I₂,veṭ,basic,guna,vrddhi,regular,,talmud_appendix1,authorial,unique_spelling,
399,dhukṣ,,dhukṣ,dhukṣ,III,U₁,seṭ,basic,basic,vrddhi,under-strong,,talmud_appendix1,authorial,unique_spelling,
400,dhū,,dhū,"dhū, dhu",I,U₂,seṭ,basic,guna,vrddhi,regular,,talmud_appendix1,authorial,unique_spelling,
401,dhūrv,,,,,,,,,,unclassifiable,,,,no_appendix1_entry,no_appendix1_entry
402,dhṛ,,dhṛ,dhṛ,I,R₁,veṭ,basic,guna,vrddhi,regular,,talmud_appendix1,authorial,unique_spelling,
403,dhṛṣ,,dhṛṣ,dhṛṣ,I,R₁,veṭ,basic,guna,vrddhi,regular,,talmud_appendix1,authorial,unique_spelling,
404,dhmā,,dhmā,"dham, dhmā",II,A₂,aniṭ,guna,guna,vrddhi,regular,guna_for_basic,talmud_appendix1,authorial,unique_spelling,
405,dhyā,,dhyā,dhyā,II,A₂,aniṭ,guna,guna,vrddhi,regular,guna_for_basic,talmud_appendix1,authorial,unique_spelling,
406,dhraj,,dhraj,"dhraj, dhrāj",II,A₁,aniṭ,guna,guna,vrddhi,regular,guna_for_basic,talmud_appendix1,authorial,unique_spelling,
407,dhvaṃs,,dhvn̥s,"dhvaṃs, dhvas",I,N₁,veṭ,basic,guna,vrddhi,regular,,talmud_appendix1,authorial,unique_spelling,
408,dhvan,,dhvan,dhvan,II,N,seṭ,guna,guna,vrddhi,regular,guna_for_basic,talmud_appendix1,authorial,unique_spelling,
409,dhvṛ,,dhuṛ,"dhvṛ, dhur, dhru",I,R₁,veṭ,basic,guna,vrddhi,regular,,talmud_appendix1,authorial,unique_spelling,
410,naṃś,,nn̥ś,"2 naś, naṃś",I,N₁,aniṭ,basic,guna,vrddhi,regular,,talmud_appendix1,authorial,unique_spelling,
411,nakṣ,,,,,,,,,,unclassifiable,,,,no_appendix1_entry,no_appendix1_entry
412,naṭ,,,,,,,,,,unclassifiable,,,,no_appendix1_entry,no_appendix1_entry
413,nad,,nad,nad,II,A₁,seṭ,guna,guna,vrddhi,regular,guna_for_basic,talmud_appendix1,authorial,unique_spelling,
414,nand,,nand,nand,II,N,seṭ,guna,guna,vrddhi,regular,guna_for_basic,talmud_appendix1,authorial,unique_spelling,
415,nabh,,nabh,nabh,II,A₁,seṭ,guna,guna,vrddhi,regular,guna_for_basic,talmud_appendix1,authorial,unique_spelling,
416,nam,,nm̥,nam,I,M₁,veṭ,basic,guna,vrddhi,regular,,talmud_appendix1,authorial,unique_spelling,
417,nard,,nard,nard,II,R,seṭ,guna,guna,vrddhi,regular,guna_for_basic,talmud_appendix1,authorial,unique_spelling,
418,naś,1,naś,1 naś,II,A₁,veṭ,guna,guna,vrddhi,regular,guna_for_basic,talmud_appendix1,authorial,spelling+homonym,
419,naś,2,nn̥ś,"2 naś, naṃś",I,N₁,aniṭ,basic,guna,vrddhi,regular,,talmud_appendix1,authorial,spelling+homonym,
420,nas,,nas,nas,II,A₁,seṭ,guna,guna,vrddhi,regular,guna_for_basic,talmud_appendix1,authorial,unique_spelling,
421,nah,,nah,nah,II,A₁,aniṭ,guna,guna,vrddhi,regular,guna_for_basic,talmud_appendix1,authorial,unique_spelling,
422,nāth,,nāth,"nāth, nādh",II,A₂,seṭ,guna,guna,vrddhi,regular,guna_for_basic,talmud_appendix1,authorial,unique_spelling,
423,niṃs,,niṃs,niṃs,III,I₁,seṭ,basic,basic,vrddhi,under-strong,,talmud_appendix1,authorial,unique_spelling,
424,nikṣ,,nikṣ,nikṣ,III,I₁,veṭ,basic,basic,vrddhi,under-strong,,talmud_appendix1,authorial,unique_spelling,
425,nij,,nij,nij,I,I₁,aniṭ,basic,guna,vrddhi,regular,,talmud_appendix1,authorial,unique_spelling,
426,nind,,nind,"nind, nid",III,I₁,seṭ,basic,basic,vrddhi,under-strong,,talmud_appendix1,authorial,unique_spelling,
427,nī,,nī,nī,I,I₂,veṭ,basic,guna,vrddhi,regular,,talmud_appendix1,authorial,unique_spelling,
428,nīḍ,,,,,,,,,,unclassifiable,,,,no_appendix1_entry,no_appendix1_entry
429,nu,1,nu,"1 nu, nū",I,U₁,seṭ,basic,guna,vrddhi,regular,,talmud_appendix1,authorial,spelling+homonym,
430,nu,2,nu,2 nu,I,U₁,seṭ,basic,guna,vrddhi,regular,,talmud_appendix1,authorial,spelling+homonym,
431,nud,,nud,nud,I,U₁,aniṭ,basic,guna,vrddhi,regular,,talmud_appendix1,authorial,unique_spelling,
432,nṛ,,,,,,,,,,unclassifiable,,,,no_appendix1_entry,no_appendix1_entry
433,nṛt,,nṛt,nṛt,I,R₁,veṭ,basic,guna,vrddhi,regular,,talmud_appendix1,authorial,unique_spelling,
434,ned,,ned,ned,II,I,seṭ,guna,guna,vrddhi,regular,guna_for_basic,talmud_appendix1,authorial,unique_spelling,
435,pac,,pac,pac,II,A₁,aniṭ,guna,guna,vrddhi,regular,guna_for_basic,talmud_appendix1,authorial,unique_spelling,
436,paj,,paj,paj,II,A₁,,guna,guna,vrddhi,regular,guna_for_basic,talmud_appendix1,authorial,unique_spelling,
437,paṭ,,paṭ,paṭ,II,A₁,seṭ,guna,guna,vrddhi,regular,guna_for_basic,talmud_appendix1,authorial,unique_spelling,
438,paṭh,,paṭh,paṭh,II,A₁,seṭ,guna,guna,vrddhi,regular,guna_for_basic,talmud_appendix1,authorial,unique_spelling,
439,paṇ,,paṇ,paṇ,II,N,seṭ,guna,guna,vrddhi,regular,guna_for_basic,talmud_appendix1,authorial,unique_spelling,
440,pat,1,pat,1 pat,II,A₁,seṭ,guna,guna,vrddhi,regular,guna_for_basic,talmud_appendix1,authorial,unique_spelling,
441,pat,2,pat,1 pat,II,A₁,seṭ,guna,guna,vrddhi,regular,guna_for_basic,talmud_appendix1,authorial,unique_spelling,
442,path,,path,path,II,A₁,seṭ,guna,guna,vrddhi,regular,guna_for_basic,talmud_appendix1,authorial,unique_spelling,
443,pad,,pad,pad,II,A₁,aniṭ,guna,guna,vrddhi,regular,guna_for_basic,talmud_appendix1,authorial,unique_spelling,
444,pan,,pn̥,pan,I,N₁,seṭ,basic,guna,vrddhi,regular,,talmud_appendix1,authorial,unique_spelling,
445,pard,,pard,pard,II,R,seṭ,guna,guna,vrddhi,regular,guna_for_basic,talmud_appendix1,authorial,unique_spelling,
446,paś,1,spaś,"1 paś, spaś",II,A₁,veṭ,guna,guna,vrddhi,regular,guna_for_basic,talmud_appendix1,authorial,unique_spelling,
447,paś,2,spaś,"1 paś, spaś",II,A₁,veṭ,guna,guna,vrddhi,regular,guna_for_basic,talmud_appendix1,authorial,unique_spelling,
448,pā,1,pø̄,1 pā,I,A₂,aniṭ,basic,guna,vrddhi,regular,,talmud_appendix1,authorial,spelling+homonym,
449,pā,2,pā,2 pā,II,A₂,aniṭ,guna,guna,vrddhi,regular,guna_for_basic,talmud_appendix1,authorial,spelling+homonym,
450,pā,3,,,,,,,,,unclassifiable,,,,ambiguous_conflicting,ambiguous_conflicting
451,pāy,,pai,pāy,IV,I,seṭ,vrddhi,vrddhi,vrddhi,over-strong,,talmud_appendix1,authorial,unique_spelling,
452,pi,,,,,,,,,,unclassifiable,,,,no_appendix1_entry,no_appendix1_entry
453,pinv,,pinv,pinv,III,I₁,seṭ,basic,basic,vrddhi,under-strong,,talmud_appendix1,authorial,unique_spelling,
454,pibd,,pibd,pibd,III,I₁,seṭ,basic,basic,vrddhi,under-strong,,talmud_appendix1,authorial,unique_spelling,
455,piś,,piś,piś,I,I₁,veṭ,basic,guna,vrddhi,regular,,talmud_appendix1,authorial,unique_spelling,
456,piṣ,,piṣ,piṣ,I,I₁,aniṭ,basic,guna,vrddhi,regular,,talmud_appendix1,authorial,unique_spelling,
457,pis,,pis,pis,I,I₁,aniṭ,basic,guna,vrddhi,regular,,talmud_appendix1,authorial,unique_spelling,
458,pī,1,,,,,,,,,unclassifiable,,,,no_appendix1_entry,no_appendix1_entry
459,pī,2,,,,,,,,,unclassifiable,,,,no_appendix1_entry,no_appendix1_entry
460,pīḍ,,pīḍ,pīḍ,III,I₂,seṭ,basic,basic,vrddhi,under-strong,,talmud_appendix1,authorial,unique_spelling,
461,pīy,,pīy,pīy,III,I₂,seṭ,basic,basic,vrddhi,under-strong,,talmud_appendix1,authorial,unique_spelling,
462,puṭ,,puṭ,puṭ,I,U₁,seṭ,basic,guna,vrddhi,regular,,talmud_appendix1,authorial,unique_spelling,
463,puth,,puth,puth,I,U₁,seṭ,basic,guna,vrddhi,regular,,talmud_appendix1,authorial,unique_spelling,
464,puṣ,,puṣ,puṣ,I,U₁,veṭ,basic,guna,vrddhi,regular,,talmud_appendix1,authorial,unique_spelling,
465,pū,,pū,pū,I,U₂,seṭ,basic,guna,vrddhi,regular,,talmud_appendix1,authorial,unique_spelling,
466,pūj,,pūj,pūj,III,U₂,seṭ,basic,basic,vrddhi,under-strong,,talmud_appendix1,authorial,unique_spelling,
467,pūy,,pūy,pūy,III,U₂,seṭ,basic,basic,vrddhi,under-strong,,talmud_appendix1,authorial,unique_spelling,
468,pūr,,pṝ,"1 pṛ, pṛṇ, pūr",I,R₂,seṭ,basic,guna,vrddhi,regular,,talmud_appendix1,authorial,unique_spelling,
469,pṛ,1,pṝ,"1 pṛ, pṛṇ, pūr",I,R₂,seṭ,basic,guna,vrddhi,regular,,talmud_appendix1,authorial,spelling+homonym,
470,pṛ,2,pṛ,2 pṛ,I,R₁,aniṭ,basic,guna,vrddhi,regular,,talmud_appendix1,authorial,spelling+homonym,
471,pṛ,3,pṛ,3 pṛ,I,R₁,veṭ,basic,guna,vrddhi,regular,,talmud_appendix1,authorial,spelling+homonym,
472,pṛc,,pṛc,pṛc,I,R₁,veṭ,basic,guna,vrddhi,regular,,talmud_appendix1,authorial,unique_spelling,
473,pṛṇ,,pṝ,"1 pṛ, pṛṇ, pūr",I,R₂,seṭ,basic,guna,vrddhi,regular,,talmud_appendix1,authorial,unique_spelling,
474,pṛt,,,,,,,,,,unclassifiable,,,,no_appendix1_entry,no_appendix1_entry
475,pṛś,,,,,,,,,,unclassifiable,,,,no_appendix1_entry,no_appendix1_entry
476,pyā,,pyā,pyā,II,A₂,aniṭ,guna,guna,vrddhi,regular,guna_for_basic,talmud_appendix1,authorial,unique_spelling,
477,prach,,pṛøch,prach,I,A₁,aniṭ,basic,guna,vrddhi,regular,,talmud_appendix1,authorial,unique_spelling,
478,prath,,prath,prath,II,A₁,seṭ,guna,guna,vrddhi,regular,guna_for_basic,talmud_appendix1,authorial,unique_spelling,
479,prā,,prā,prā,II,A₂,aniṭ,guna,guna,vrddhi,regular,guna_for_basic,talmud_appendix1,authorial,unique_spelling,
480,prī,,prī,prī,I,I₂,aniṭ,basic,guna,vrddhi,regular,,talmud_appendix1,authorial,unique_spelling,
481,pru,,pru,pru,I,U₁,aniṭ,basic,guna,vrddhi,regular,,talmud_appendix1,authorial,unique_spelling,
482,pruth,,pruth,pruth,I,U₁,seṭ,basic,guna,vrddhi,regular,,talmud_appendix1,authorial,unique_spelling,
483,pruṣ,,pruṣ,pruṣ,I,U₁,veṭ,basic,guna,vrddhi,regular,,talmud_appendix1,authorial,unique_spelling,
484,plī,,,,,,,,,,unclassifiable,,,,no_appendix1_entry,no_appendix1_entry
485,plu,,plu,plu,I,U₁,aniṭ,basic,guna,vrddhi,regular,,talmud_appendix1,authorial,unique_spelling,
486,pluṣ,,pluṣ,pluṣ,I,U₁,veṭ,basic,guna,vrddhi,regular,,talmud_appendix1,authorial,unique_spelling,
487,psā,,psø̄,psā,I,A₂,aniṭ,basic,guna,vrddhi,regular,,talmud_appendix1,authorial,unique_spelling,
488,phakk,,phakk,phakk,II,A₁,seṭ,guna,guna,vrddhi,regular,guna_for_basic,talmud_appendix1,authorial,unique_spelling,
489,phaṇ,,phaṇ,phaṇ,II,N,seṭ,guna,guna,vrddhi,regular,guna_for_basic,talmud_appendix1,authorial,unique_spelling,
490,phar,,phar,phar,II,R,veṭ,guna,guna,vrddhi,regular,guna_for_basic,talmud_appendix1,authorial,unique_spelling,
491,phal,1,phal,1 phal,II,L,seṭ,guna,guna,vrddhi,regular,guna_for_basic,talmud_appendix1,authorial,spelling+homonym,
492,phal,2,phal,2 phal,II,L,seṭ,guna,guna,vrddhi,regular,guna_for_basic,talmud_appendix1,authorial,spelling+homonym,
493,baṃh,,bn̥h,baṃh,I,N₁,veṭ,basic,guna,vrddhi,regular,,talmud_appendix1,authorial,unique_spelling,
494,bandh,,bn̥dh,bandh,I,N₁,veṭ,basic,guna,vrddhi,regular,,talmud_appendix1,authorial,unique_spelling,
495,bal,,bal,bal,II,L,seṭ,guna,guna,vrddhi,regular,guna_for_basic,talmud_appendix1,authorial,unique_spelling,
496,bādh,,bādh,bādh,II,A₂,seṭ,guna,guna,vrddhi,regular,guna_for_basic,talmud_appendix1,authorial,unique_spelling,
497,budh,,budh,budh,I,U₁,aniṭ,basic,guna,vrddhi,regular,,talmud_appendix1,authorial,unique_spelling,
498,bul,,bul,bul,I,U₁,seṭ,basic,guna,vrddhi,regular,,talmud_appendix1,authorial,unique_spelling,
499,bṛṃh,,vṛṃh,"vṛṃh, bṛṃh",III,R₁,seṭ,basic,basic,vrddhi,under-strong,,talmud_appendix1,authorial,unique_spelling,
500,bṛh,1,bṛh,1 bṛh,I,R₁,veṭ,basic,guna,vrddhi,regular,,talmud_appendix1,authorial,spelling+homonym,
501,bṛh,2,bṛh,1 bṛh,I,R₁,veṭ,basic,guna,vrddhi,regular,,talmud_appendix1,authorial,ambiguous_same_tip,
502,brū,,brū,brū,I,U₂,,basic,guna,vrddhi,regular,,talmud_appendix1,authorial,unique_spelling,
503,blī,,vlī,"vlī, blī",I,I₂,aniṭ,basic,guna,vrddhi,regular,,talmud_appendix1,authorial,unique_spelling,
504,bhakṣ,,bhakṣ,bhakṣ,II,A₁,seṭ,guna,guna,vrddhi,regular,guna_for_basic,talmud_appendix1,authorial,unique_spelling,
505,bhaj,,bhaj,bhaj,II,A₁,veṭ,guna,guna,vrddhi,regular,guna_for_basic,talmud_appendix1,authorial,unique_spelling,
506,bhañj,,bhn̥j,bhañj,I,N₁,aniṭ,basic,guna,vrddhi,regular,,talmud_appendix1,authorial,unique_spelling,
507,bhaṭ,,,,,,,,,,unclassifiable,,,,no_appendix1_entry,no_appendix1_entry
508,bhaṇ,,bhaṇ,bhaṇ,II,N,seṭ,guna,guna,vrddhi,regular,guna_for_basic,talmud_appendix1,authorial,unique_spelling,
509,bhan,,,,,,,,,,unclassifiable,,,,no_appendix1_entry,no_appendix1_entry
510,bhand,,bhn̥d,bhand,I,N₁,aniṭ,basic,guna,vrddhi,regular,,talmud_appendix1,authorial,unique_spelling,
511,bharts,,bharts,bharts,II,R,seṭ,guna,guna,vrddhi,regular,guna_for_basic,talmud_appendix1,authorial,unique_spelling,
512,bharv,,bharv,bharv,II,R,seṭ,guna,guna,vrddhi,regular,guna_for_basic,talmud_appendix1,authorial,unique_spelling,
513,bhal,,bhal,bhal,II,A₁,seṭ,guna,guna,vrddhi,regular,guna_for_basic,talmud_appendix1,authorial,unique_spelling,
514,bhaṣ,,bhaṣ,bhaṣ,II,A₁,seṭ,guna,guna,vrddhi,regular,guna_for_basic,talmud_appendix1,authorial,unique_spelling,
515,bhas,,bhas,bhas,II,A₁,seṭ,guna,guna,vrddhi,regular,guna_for_basic,talmud_appendix1,authorial,unique_spelling,
516,bhā,,bhā,bhā,II,A₂,aniṭ,guna,guna,vrddhi,regular,guna_for_basic,talmud_appendix1,authorial,unique_spelling,
517,bhām,,bhām,bhām,IV,M,seṭ,vrddhi,vrddhi,vrddhi,over-strong,,talmud_appendix1,authorial,unique_spelling,
518,bhāṣ,,bhāṣ,bhāṣ,II,A₂,veṭ,guna,guna,vrddhi,regular,guna_for_basic,talmud_appendix1,authorial,unique_spelling,
519,bhās,,bhās,bhās,II,A₂,seṭ,guna,guna,vrddhi,regular,guna_for_basic,talmud_appendix1,authorial,unique_spelling,
520,bhikṣ,,bhikṣ,bhikṣ,III,I₁,seṭ,basic,basic,vrddhi,under-strong,,talmud_appendix1,authorial,unique_spelling,
521,bhid,,bhid,bhid,I,I₁,aniṭ,basic,guna,vrddhi,regular,,talmud_appendix1,authorial,unique_spelling,
522,bhiṣaj,,,,,,,,,,unclassifiable,,,,no_appendix1_entry,no_appendix1_entry
523,bhī,,bhī,"bhī, bhīṣ",I,I₂,aniṭ,basic,guna,vrddhi,regular,,talmud_appendix1,authorial,unique_spelling,
524,bhuj,1,bhuj,1 bhuj,I,U₁,aniṭ,basic,guna,vrddhi,regular,,talmud_appendix1,authorial,spelling+homonym,
525,bhuj,2,bhuj,2 bhuj,I,U₁,aniṭ,basic,guna,vrddhi,regular,,talmud_appendix1,authorial,spelling+homonym,
526,bhur,,bhur,bhur,III,U₁,seṭ,basic,basic,vrddhi,under-strong,,talmud_appendix1,authorial,unique_spelling,
527,bhuraj,,,,,,,,,,unclassifiable,,,,no_appendix1_entry,no_appendix1_entry
528,bhū,,bhū,bhū,I,U₂,seṭ,basic,guna,vrddhi,regular,,talmud_appendix1,authorial,unique_spelling,
529,bhūṣ,,bhūṣ,bhūṣ,III,U₂,seṭ,basic,basic,vrddhi,under-strong,,talmud_appendix1,authorial,unique_spelling,
530,bhṛ,,bhṛ,bhṛ,I,R₁,veṭ,basic,guna,vrddhi,regular,,talmud_appendix1,authorial,unique_spelling,
531,bhṛjj,,bhṛjj,bhṛjj,I,R₁,veṭ,basic,guna,vrddhi,regular,,talmud_appendix1,authorial,unique_spelling,
532,bhyas,,bhyas,bhyas,II,A₁,veṭ,guna,guna,vrddhi,regular,guna_for_basic,talmud_appendix1,authorial,unique_spelling,
533,bhraṃś,,bhrn̥ś,"bhraṃś, bhraś",I,N₁,veṭ,basic,guna,vrddhi,regular,,talmud_appendix1,authorial,unique_spelling,
534,bhram,,bhrm̥̄,bhram,I,M₂,seṭ,basic,guna,vrddhi,regular,,talmud_appendix1,authorial,unique_spelling,
535,bhrāj,,bhrāj,bhrāj,II,A₂,veṭ,guna,guna,vrddhi,regular,guna_for_basic,talmud_appendix1,authorial,unique_spelling,
536,bhrī,,bhrī,bhrī,I,I₂,aniṭ,basic,guna,vrddhi,regular,,talmud_appendix1,authorial,unique_spelling,
537,bhreṣ,,bhreṣ,bhreṣ,II,I,seṭ,guna,guna,vrddhi,regular,guna_for_basic,talmud_appendix1,authorial,unique_spelling,
538,maṃh,,mn̥h,"maṃh, mah",I,N₁,seṭ,basic,guna,vrddhi,regular,,talmud_appendix1,authorial,unique_spelling,
539,majj,,majj,majj,II,A₁,seṭ,guna,guna,vrddhi,regular,guna_for_basic,talmud_appendix1,authorial,unique_spelling,
540,mañc,,manc,mañc,II,N,seṭ,guna,guna,vrddhi,regular,guna_for_basic,talmud_appendix1,authorial,unique_spelling,
541,maṇ,,,,,,,,,,unclassifiable,,,,no_appendix1_entry,no_appendix1_entry
542,maṇṭ,,,,,,,,,,unclassifiable,,,,no_appendix1_entry,no_appendix1_entry
543,maṇḍ,,,,,,,,,,unclassifiable,,,,no_appendix1_entry,no_appendix1_entry
544,math,,mn̥th,"math, manth",I,N₁,seṭ,basic,guna,vrddhi,regular,,talmud_appendix1,authorial,unique_spelling,
545,mad,,mad,"mad, mand",II,A₁,seṭ,guna,guna,vrddhi,regular,guna_for_basic,talmud_appendix1,authorial,unique_spelling,
546,man,,mn̥,man,I,N₁,veṭ,basic,guna,vrddhi,regular,,talmud_appendix1,authorial,unique_spelling,
547,mah,,mn̥h,"maṃh, mah",I,N₁,seṭ,basic,guna,vrddhi,regular,,talmud_appendix1,authorial,unique_spelling,
548,mā,1,mø̄,1 mā,I,A₂,aniṭ,basic,guna,vrddhi,regular,,talmud_appendix1,authorial,spelling+homonym,
549,mā,2,mø̄,2 mā,I,A₂,aniṭ,basic,guna,vrddhi,regular,,talmud_appendix1,authorial,spelling+homonym,
550,mā,3,mi,3 mā,I,I₁,aniṭ,basic,guna,vrddhi,regular,,talmud_appendix1,authorial,spelling+homonym,
551,mārg,,mārg,mārg,IV,R,seṭ,vrddhi,vrddhi,vrddhi,over-strong,,talmud_appendix1,authorial,unique_spelling,
553,mi,2,mø̄,"mī, mi",I,I₁,aniṭ,basic,guna,vrddhi,regular,,talmud_appendix1,authorial,ambiguous_same_tip,
554,mikṣ,,mikṣ,mikṣ (miś),I,I₁,seṭ,basic,guna,vrddhi,regular,,talmud_appendix1,authorial,unique_spelling,
555,migh,,,,,,,,,,unclassifiable,,,,no_appendix1_entry,no_appendix1_entry
556,mith,,mith,mith,I,I₁,seṭ,basic,guna,vrddhi,regular,,talmud_appendix1,authorial,unique_spelling,
557,mid,,,,,,,,,,unclassifiable,,,,no_appendix1_entry,no_appendix1_entry
558,mil,,mil,mil,I,I₁,seṭ,basic,guna,vrddhi,regular,,talmud_appendix1,authorial,unique_spelling,
559,miṣ,,miṣ,miṣ,I,I₁,seṭ,basic,guna,vrddhi,regular,,talmud_appendix1,authorial,unique_spelling,
560,mih,,mih,mih,I,I₁,aniṭ,basic,guna,vrddhi,regular,,talmud_appendix1,authorial,unique_spelling,
561,mī,,mø̄,"mī, mi",I,I₁,aniṭ,basic,guna,vrddhi,regular,,talmud_appendix1,authorial,unique_spelling,
562,mīl,,mīl,mīl,III,I₂,seṭ,basic,basic,vrddhi,under-strong,,talmud_appendix1,authorial,unique_spelling,
563,mīv,,mīv,"mīv, mū",III,I₂,seṭ,basic,basic,vrddhi,under-strong,,talmud_appendix1,authorial,unique_spelling,
564,muc,,muc,muc,I,U₁,aniṭ,basic,guna,vrddhi,regular,,talmud_appendix1,authorial,unique_spelling,
565,muṭ,,muṭ,muṭ,I,U₁,seṭ,basic,guna,vrddhi,regular,,talmud_appendix1,authorial,unique_spelling,
566,mud,,mud,mud,I,U₁,seṭ,basic,guna,vrddhi,regular,,talmud_appendix1,authorial,unique_spelling,
567,muṣ,,muṣ,muṣ,I,U₁,veṭ,basic,guna,vrddhi,regular,,talmud_appendix1,authorial,unique_spelling,
568,muh,,muh,muh,I,U₁,veṭ,basic,guna,vrddhi,regular,,talmud_appendix1,authorial,unique_spelling,
569,mū,,mīv,"mīv, mū",III,I₂,seṭ,basic,basic,vrddhi,under-strong,,talmud_appendix1,authorial,unique_spelling,
570,mūrch,,mūrch,"mūrch, mūr",III,U₂,seṭ,basic,basic,vrddhi,under-strong,,talmud_appendix1,authorial,unique_spelling,
571,mṛ,1,mṛ,1 mṛ,I,R₁,veṭ,basic,guna,vrddhi,regular,,talmud_appendix1,authorial,spelling+homonym,
572,mṛ,2,mṝ,"2 mṛ, mṛṇ",I,R₂,veṭ,basic,guna,vrddhi,regular,,talmud_appendix1,authorial,spelling+homonym,
573,mṛkṣ,,mṛøkṣ,mṛkṣ,II,A₁,veṭ,guna,guna,vrddhi,regular,guna_for_basic,talmud_appendix1,authorial,unique_spelling,
574,mṛc,,mṛc,mṛc,I,R₁,aniṭ,basic,guna,vrddhi,regular,,talmud_appendix1,authorial,unique_spelling,
575,mṛch,,,,,,,,,,unclassifiable,,,,no_appendix1_entry,no_appendix1_entry
576,mṛj,,mṛj,mṛj,I,R₁,veṭ,basic,guna,vrddhi,regular,,talmud_appendix1,authorial,unique_spelling,
577,mṛḍ,,,,,,,,,,unclassifiable,,,,no_appendix1_entry,no_appendix1_entry
578,mṛṇ,,mṝ,"2 mṛ, mṛṇ",I,R₂,veṭ,basic,guna,vrddhi,regular,,talmud_appendix1,authorial,unique_spelling,
579,mṛd,,mṛḍ,mṛd,I,R₁,seṭ,basic,guna,vrddhi,regular,,talmud_appendix1,authorial,ambiguous_same_tip,
580,mṛdh,,mṛdh,mṛdh,I,R₁,aniṭ,basic,guna,vrddhi,regular,,talmud_appendix1,authorial,unique_spelling,
581,mṛś,,mṛś,mṛś,I,R₁,aniṭ,basic,guna,vrddhi,regular,,talmud_appendix1,authorial,unique_spelling,
582,mṛṣ,,mṛṣ,mṛṣ,I,R₁,seṭ,basic,guna,vrddhi,regular,,talmud_appendix1,authorial,unique_spelling,
584,mokṣ,,,,,,,,,,unclassifiable,,,,no_appendix1_entry,no_appendix1_entry
585,mnā,,mnā,mnā,II,A₂,aniṭ,guna,guna,vrddhi,regular,guna_for_basic,talmud_appendix1,authorial,unique_spelling,
586,myakṣ,,miøkṣ,myakṣ,II,A₁,aniṭ,guna,guna,vrddhi,regular,guna_for_basic,talmud_appendix1,authorial,unique_spelling,
587,mrad,,mṛd,"mṛd, mrad",I,R₁,seṭ,basic,guna,vrddhi,regular,,talmud_appendix1,authorial,unique_spelling,
588,mrit,,mrit,"mrit, mlit",I,I₁,seṭ,basic,guna,vrddhi,regular,,talmud_appendix1,authorial,unique_spelling,
589,mruc,,mluc,"mruc, mluc, mlup",I,U₁,veṭ,basic,guna,vrddhi,regular,,talmud_appendix1,authorial,unique_spelling,
590,mreḍ,,mreḍ,mreḍ,II,I,seṭ,guna,guna,vrddhi,regular,guna_for_basic,talmud_appendix1,authorial,unique_spelling,
591,mlā,,mlā,mlā,II,A₂,aniṭ,guna,guna,vrddhi,regular,guna_for_basic,talmud_appendix1,authorial,unique_spelling,
592,mluc,,mluc,"mruc, mluc, mlup",I,U₁,veṭ,basic,guna,vrddhi,regular,,talmud_appendix1,authorial,unique_spelling,
593,mlup,,mluc,"mruc, mluc, mlup",I,U₁,veṭ,basic,guna,vrddhi,regular,,talmud_appendix1,authorial,unique_spelling,
594,mlech,,,,,,,,,,unclassifiable,,,,no_appendix1_entry,no_appendix1_entry
595,yakṣ,,yakṣ,yakṣ,II,A₁,aniṭ,guna,guna,vrddhi,regular,guna_for_basic,talmud_appendix1,authorial,unique_spelling,
596,yach,,ym̥,"yam, yach",I,M₁,veṭ,basic,guna,vrddhi,regular,,talmud_appendix1,authorial,unique_spelling,
597,yaj,,iøj,yaj,I,A₁,aniṭ,basic,guna,vrddhi,regular,,talmud_appendix1,authorial,unique_spelling,
598,yat,,yat,yat,II,A₁,veṭ,guna,guna,vrddhi,regular,guna_for_basic,talmud_appendix1,authorial,unique_spelling,
599,yabh,,yabh,yabh,II,A₁,veṭ,guna,guna,vrddhi,regular,guna_for_basic,talmud_appendix1,authorial,unique_spelling,
600,yam,,ym̥,"yam, yach",I,M₁,veṭ,basic,guna,vrddhi,regular,,talmud_appendix1,authorial,unique_spelling,
601,yas,,yas,"yas, yeṣ",II,A₁,veṭ,guna,guna,vrddhi,regular,guna_for_basic,talmud_appendix1,authorial,unique_spelling,
602,yah,,,,,,,,,,unclassifiable,,,,no_appendix1_entry,no_appendix1_entry
603,yā,,yā,yā,II,A₂,aniṭ,guna,guna,vrddhi,regular,guna_for_basic,talmud_appendix1,authorial,unique_spelling,
604,yāc,,yāc,yāc,II,A₂,seṭ,guna,guna,vrddhi,regular,guna_for_basic,talmud_appendix1,authorial,unique_spelling,
605,yād,,yād,yād,II,A₂,seṭ,guna,guna,vrddhi,regular,guna_for_basic,talmud_appendix1,authorial,unique_spelling,
606,yu,1,yu,1 yu,I,U₁,seṭ,basic,guna,vrddhi,regular,,talmud_appendix1,authorial,spelling+homonym,
607,yu,2,yu,"2 yu, yuch",I,U₁,aniṭ,basic,guna,vrddhi,regular,,talmud_appendix1,authorial,spelling+homonym,
608,yuj,,yuj,yuj,I,U₁,aniṭ,basic,guna,vrddhi,regular,,talmud_appendix1,authorial,unique_spelling,
609,yudh,,yudh,yudh,I,U₁,aniṭ,basic,guna,vrddhi,regular,,talmud_appendix1,authorial,unique_spelling,
610,yup,,yup,yup,I,U₁,seṭ,basic,guna,vrddhi,regular,,talmud_appendix1,authorial,unique_spelling,
611,yeṣ,,yas,"yas, yeṣ",II,A₁,veṭ,guna,guna,vrddhi,regular,guna_for_basic,talmud_appendix1,authorial,unique_spelling,
612,raṃh,,ranh,raṃh,II,N,seṭ,guna,guna,vrddhi,regular,guna_for_basic,talmud_appendix1,authorial,unique_spelling,
613,rakṣ,,rakṣ,rakṣ,II,A₁,veṭ,guna,guna,vrddhi,regular,guna_for_basic,talmud_appendix1,authorial,unique_spelling,
614,raṅg,,rang,raṅg,II,N,seṭ,guna,guna,vrddhi,regular,guna_for_basic,talmud_appendix1,authorial,unique_spelling,
615,rac,,rac,rac,II,A₁,seṭ,guna,guna,vrddhi,regular,guna_for_basic,talmud_appendix1,authorial,unique_spelling,
616,raj,1,rn̥j,"2 raj, rañj",I,N₁,aniṭ,basic,guna,vrddhi,regular,,talmud_appendix1,authorial,unique_spelling,
617,raj,2,rn̥j,"2 raj, rañj",I,N₁,aniṭ,basic,guna,vrddhi,regular,,talmud_appendix1,authorial,unique_spelling,
618,rañch,,,,,,,,,,unclassifiable,,,,no_appendix1_entry,no_appendix1_entry
619,raṭ,,raṭ,raṭ,II,A₁,seṭ,guna,guna,vrddhi,regular,guna_for_basic,talmud_appendix1,authorial,unique_spelling,
620,raṇv,,,,,,,,,,unclassifiable,,,,no_appendix1_entry,no_appendix1_entry
621,rad,,rad,rad,II,A₁,seṭ,guna,guna,vrddhi,regular,guna_for_basic,talmud_appendix1,authorial,unique_spelling,
622,radh,,radh,"radh, randh",II,A₁,veṭ,guna,guna,vrddhi,regular,guna_for_basic,talmud_appendix1,authorial,unique_spelling,
623,ran,1,ran,1 ran,II,N,seṭ,guna,guna,vrddhi,regular,guna_for_basic,talmud_appendix1,authorial,spelling+homonym,
624,ran,2,ran,2 ran,II,N,seṭ,guna,guna,vrddhi,regular,guna_for_basic,talmud_appendix1,authorial,spelling+homonym,
625,rap,,,,,,,,,,unclassifiable,,,,no_appendix1_entry,no_appendix1_entry
626,rapś,,rapś,rapś,II,A₁,seṭ,guna,guna,vrddhi,regular,guna_for_basic,talmud_appendix1,authorial,unique_spelling,
627,raph,,,,,,,,,,unclassifiable,,,,no_appendix1_entry,no_appendix1_entry
628,rabh,,rn̥bh,"rabh, rambh",I,N₁,aniṭ,basic,guna,vrddhi,regular,,talmud_appendix1,authorial,unique_spelling,
629,ram,,rm̥,ram,I,M₁,aniṭ,basic,guna,vrddhi,regular,,talmud_appendix1,authorial,unique_spelling,
630,ramb,,ranb,ramb,II,N,seṭ,guna,guna,vrddhi,regular,guna_for_basic,talmud_appendix1,authorial,unique_spelling,
631,rambh,,,,,,,,,,unclassifiable,,,,ambiguous_conflicting,ambiguous_conflicting
632,raś,,,,,,,,,,unclassifiable,,,,no_appendix1_entry,no_appendix1_entry
633,ras,,ras,ras,II,A₁,seṭ,guna,guna,vrddhi,regular,guna_for_basic,talmud_appendix1,authorial,unique_spelling,
634,rah,,rah,rah,II,A₁,seṭ,guna,guna,vrddhi,regular,guna_for_basic,talmud_appendix1,authorial,unique_spelling,
635,rā,1,rā,"1 rā, rās",II,A₂,aniṭ,guna,guna,vrddhi,regular,guna_for_basic,talmud_appendix1,authorial,spelling+homonym,
636,rā,2,rā,2 rā,II,A₂,aniṭ,guna,guna,vrddhi,regular,guna_for_basic,talmud_appendix1,authorial,spelling+homonym,
637,rāj,,rāj,rāj,II,A₂,seṭ,guna,guna,vrddhi,regular,guna_for_basic,talmud_appendix1,authorial,unique_spelling,
638,rādh,,rādh,rādh,II,A₂,aniṭ,guna,guna,vrddhi,regular,guna_for_basic,talmud_appendix1,authorial,unique_spelling,
639,rās,1,rā,"1 rā, rās",II,A₂,aniṭ,guna,guna,vrddhi,regular,guna_for_basic,talmud_appendix1,authorial,ambiguous_same_tip,
640,rās,2,rā,"1 rā, rās",II,A₂,aniṭ,guna,guna,vrddhi,regular,guna_for_basic,talmud_appendix1,authorial,ambiguous_same_tip,
641,ri,,ri,"ri, rī",I,I₁,aniṭ,basic,guna,vrddhi,regular,,talmud_appendix1,authorial,unique_spelling,
642,rikh,,rikh,rikh,I,I₁,seṭ,basic,guna,vrddhi,regular,,talmud_appendix1,authorial,unique_spelling,
643,riñkh,,riṅg,"riñkh, riñg",III,I₁,seṭ,basic,basic,vrddhi,under-strong,,talmud_appendix1,authorial,unique_spelling,
644,ric,,ric,ric,I,I₁,aniṭ,basic,guna,vrddhi,regular,,talmud_appendix1,authorial,unique_spelling,
645,rip,,,,,,,,,,unclassifiable,,,,no_appendix1_entry,no_appendix1_entry
646,riph,,riph,riph,I,I₁,seṭ,basic,guna,vrddhi,regular,,talmud_appendix1,authorial,unique_spelling,
647,ribh,,ribh,ribh,I,I₁,seṭ,basic,guna,vrddhi,regular,,talmud_appendix1,authorial,unique_spelling,
648,riś,,,,,,,,,,unclassifiable,,,,no_appendix1_entry,no_appendix1_entry
649,riṣ,,riṣ,riṣ,I,I₁,veṭ,basic,guna,vrddhi,regular,,talmud_appendix1,authorial,unique_spelling,
650,rih,,,,,,,,,,unclassifiable,,,,no_appendix1_entry,no_appendix1_entry
651,rī,,ri,"ri, rī",I,I₁,aniṭ,basic,guna,vrddhi,regular,,talmud_appendix1,authorial,unique_spelling,
652,ru,1,ru,1 ru,I,U₁,veṭ,basic,guna,vrddhi,regular,,talmud_appendix1,authorial,spelling+homonym,
653,ru,2,ru,2 ru,I,U₁,veṭ,basic,guna,vrddhi,regular,,talmud_appendix1,authorial,spelling+homonym,
654,ruc,,ruc,ruc,I,U₁,seṭ,basic,guna,vrddhi,regular,,talmud_appendix1,authorial,unique_spelling,
655,ruj,,ruj,ruj,I,U₁,aniṭ,basic,guna,vrddhi,regular,,talmud_appendix1,authorial,unique_spelling,
656,ruṭh,,,,,,,,,,unclassifiable,,,,no_appendix1_entry,no_appendix1_entry
657,rud,,rud,rud,I,U₁,seṭ,basic,guna,vrddhi,regular,,talmud_appendix1,authorial,unique_spelling,
658,rudh,1,rudh,2 rudh,I,U₁,aniṭ,basic,guna,vrddhi,regular,,talmud_appendix1,authorial,unique_spelling,
659,rudh,2,rudh,2 rudh,I,U₁,aniṭ,basic,guna,vrddhi,regular,,talmud_appendix1,authorial,unique_spelling,
660,rup,,rup,rup,I,U₁,seṭ,basic,guna,vrddhi,regular,,talmud_appendix1,authorial,unique_spelling,
661,ruṣ,,ruṣ,ruṣ,I,U₁,veṭ,basic,guna,vrddhi,regular,,talmud_appendix1,authorial,unique_spelling,
662,ruh,,ruh,ruh,I,U₁,veṭ,basic,guna,vrddhi,regular,,talmud_appendix1,authorial,unique_spelling,
663,rūṣ,,rūṣ,rūṣ,III,U₂,seṭ,basic,basic,vrddhi,under-strong,,talmud_appendix1,authorial,unique_spelling,
664,rej,,rej,rej,II,I,seṭ,guna,guna,vrddhi,regular,guna_for_basic,talmud_appendix1,authorial,unique_spelling,
665,reḍ,,reḍ,reḍ,II,I,seṭ,guna,guna,vrddhi,regular,guna_for_basic,talmud_appendix1,authorial,unique_spelling,
666,rebh,,,,,,,,,,unclassifiable,,,,no_appendix1_entry,no_appendix1_entry
667,lakṣ,,lakṣ,lakṣ,II,A₁,seṭ,guna,guna,vrddhi,regular,guna_for_basic,talmud_appendix1,authorial,unique_spelling,
668,lag,,lag,lag,II,A₁,seṭ,guna,guna,vrddhi,regular,guna_for_basic,talmud_appendix1,authorial,unique_spelling,
669,laṅgh,,langh,laṅgh,II,N,seṭ,guna,guna,vrddhi,regular,guna_for_basic,talmud_appendix1,authorial,unique_spelling,
670,lajj,,lajj,lajj,II,A₁,seṭ,guna,guna,vrddhi,regular,guna_for_basic,talmud_appendix1,authorial,unique_spelling,
671,laḍ,,laḍ,laḍ,II,A₁,seṭ,guna,guna,vrddhi,regular,guna_for_basic,talmud_appendix1,authorial,unique_spelling,
672,lap,,lap,lap,II,A₁,veṭ,guna,guna,vrddhi,regular,guna_for_basic,talmud_appendix1,authorial,unique_spelling,
673,labh,,labh,labh,II,A₁,veṭ,guna,guna,vrddhi,regular,guna_for_basic,talmud_appendix1,authorial,unique_spelling,
674,lam,,,,,,,,,,unclassifiable,,,,no_appendix1_entry,no_appendix1_entry
675,lamb,,lanb,lamb,II,N,seṭ,guna,guna,vrddhi,regular,guna_for_basic,talmud_appendix1,authorial,unique_spelling,
676,lal,,lal,lal,II,L,seṭ,guna,guna,vrddhi,regular,guna_for_basic,talmud_appendix1,authorial,unique_spelling,
677,laṣ,,laṣ,laṣ,II,A₁,seṭ,guna,guna,vrddhi,regular,guna_for_basic,talmud_appendix1,authorial,unique_spelling,
678,las,,las,las,II,A₁,seṭ,guna,guna,vrddhi,regular,guna_for_basic,talmud_appendix1,authorial,unique_spelling,
679,lā,,lā,lā,II,A₂,aniṭ,guna,guna,vrddhi,regular,guna_for_basic,talmud_appendix1,authorial,unique_spelling,
680,lāñch,,,,,,,,,,unclassifiable,,,,no_appendix1_entry,no_appendix1_entry
681,likh,,likh,likh,I,I₁,seṭ,basic,guna,vrddhi,regular,,talmud_appendix1,authorial,unique_spelling,
682,lip,,lip,"lip, limp",I,I₁,aniṭ,basic,guna,vrddhi,regular,,talmud_appendix1,authorial,unique_spelling,
683,liś,,liś,liś,I,I₁,aniṭ,basic,guna,vrddhi,regular,,talmud_appendix1,authorial,unique_spelling,
684,lih,,lih,lih,I,I₁,aniṭ,basic,guna,vrddhi,regular,,talmud_appendix1,authorial,unique_spelling,
685,lī,1,lī,1 lī,I,I₂,aniṭ,basic,guna,vrddhi,regular,,talmud_appendix1,authorial,spelling+homonym,
686,lī,2,lī,2 lī,I,I₂,,basic,guna,vrddhi,regular,,talmud_appendix1,authorial,spelling+homonym,
687,luñc,,luñc,luñc,III,U₁,seṭ,basic,basic,vrddhi,under-strong,,talmud_appendix1,authorial,unique_spelling,
688,luṭh,1,luṭh,1 luṭh,I,U₁,seṭ,basic,guna,vrddhi,regular,,talmud_appendix1,authorial,spelling+homonym,
689,luṭh,2,luṇṭh,"2 luṭh, luṇṭh",III,U₁,seṭ,basic,basic,vrddhi,under-strong,,talmud_appendix1,authorial,spelling+homonym,
690,luḍ,,,,,,,,,,unclassifiable,,,,no_appendix1_entry,no_appendix1_entry
691,lup,,lup,lup,I,U₁,veṭ,basic,guna,vrddhi,regular,,talmud_appendix1,authorial,unique_spelling,
692,lubh,,lubh,lubh,I,U₁,veṭ,basic,guna,vrddhi,regular,,talmud_appendix1,authorial,unique_spelling,
693,lul,,lul,lul,I,U₁,seṭ,basic,guna,vrddhi,regular,,talmud_appendix1,authorial,unique_spelling,
694,lū,,lū,lū,I,U₂,seṭ,basic,guna,vrddhi,regular,,talmud_appendix1,authorial,unique_spelling,
695,lok,,,,,,,,,,unclassifiable,,,,no_appendix1_entry,no_appendix1_entry
696,loc,,loc,loc,II,U,seṭ,guna,guna,vrddhi,regular,guna_for_basic,talmud_appendix1,authorial,unique_spelling,
697,vak,,,,,,,,,,unclassifiable,,,,no_appendix1_entry,no_appendix1_entry
698,vakṣ,,uøkṣ,"vakṣ, ukṣ",I,A₁,seṭ,basic,guna,vrddhi,regular,,talmud_appendix1,authorial,unique_spelling,
699,vac,,uøc,vac,I,A₁,aniṭ,basic,guna,vrddhi,regular,,talmud_appendix1,authorial,unique_spelling,
700,vaj,,uøj,vaj,I,A₁,aniṭ,basic,guna,vrddhi,regular,,talmud_appendix1,authorial,unique_spelling,
701,vañc,,vn̥c,vañc,I,N₁,veṭ,basic,guna,vrddhi,regular,,talmud_appendix1,authorial,unique_spelling,
702,vaṇṭ,,vanṭ,vaṇṭ,II,N,seṭ,guna,guna,vrddhi,regular,guna_for_basic,talmud_appendix1,authorial,unique_spelling,
703,vat,,vat,vat,II,A₁,aniṭ,guna,guna,vrddhi,regular,guna_for_basic,talmud_appendix1,authorial,unique_spelling,
704,vad,,uød,vad,I,A₁,seṭ,basic,guna,vrddhi,regular,,talmud_appendix1,authorial,unique_spelling,
705,vadh,,vadh,"vadh, badh",II,A₁,seṭ,guna,guna,vrddhi,regular,guna_for_basic,talmud_appendix1,authorial,unique_spelling,
706,van,,vn̥̄,"van, vā",I,N₂,veṭ,basic,guna,vrddhi,regular,,talmud_appendix1,authorial,unique_spelling,
707,vand,,vand,vand,II,N,seṭ,guna,guna,vrddhi,regular,guna_for_basic,talmud_appendix1,authorial,unique_spelling,
708,vap,1,uøp,1 vap,I,A₁,veṭ,basic,guna,vrddhi,regular,,talmud_appendix1,authorial,spelling+homonym,
709,vap,2,uøp,2 vap,I,A₁,aniṭ,basic,guna,vrddhi,regular,,talmud_appendix1,authorial,spelling+homonym,
710,vam,,vm̥̄,vam,I,M₂,seṭ,basic,guna,vrddhi,regular,,talmud_appendix1,authorial,unique_spelling,
711,val,,val,val,II,L,seṭ,guna,guna,vrddhi,regular,guna_for_basic,talmud_appendix1,authorial,unique_spelling,
712,valg,,valg,valg,II,L,seṭ,guna,guna,vrddhi,regular,guna_for_basic,talmud_appendix1,authorial,unique_spelling,
713,valh,,valh,valh,II,L,seṭ,guna,guna,vrddhi,regular,guna_for_basic,talmud_appendix1,authorial,unique_spelling,
714,vaś,,uøś,vaś,I,A₁,seṭ,basic,guna,vrddhi,regular,,talmud_appendix1,authorial,unique_spelling,
715,vas,1,uøs,"1 vas, uṣ, uch",I,A₁,veṭ,basic,guna,vrddhi,regular,,talmud_appendix1,authorial,spelling+homonym,
716,vas,2,vas,2 vas,II,A₁,veṭ,guna,guna,vrddhi,regular,guna_for_basic,talmud_appendix1,authorial,spelling+homonym,
717,vas,3,uøs,3 vas,I,A₁,veṭ,basic,guna,vrddhi,regular,,talmud_appendix1,authorial,spelling+homonym,
718,vah,,uøh,vah,I,A₁,veṭ,basic,guna,vrddhi,regular,,talmud_appendix1,authorial,unique_spelling,
719,vā,1,vā,1 vā,II,A₂,aniṭ,guna,guna,vrddhi,regular,guna_for_basic,talmud_appendix1,authorial,spelling+homonym,
720,vā,2,uø̄,"2 vā, vi, u",I,A₂,aniṭ,basic,guna,vrddhi,regular,,talmud_appendix1,authorial,spelling+homonym,
722,vāñch,,vānch,vāñch,IV,N,seṭ,vrddhi,vrddhi,vrddhi,over-strong,,talmud_appendix1,authorial,unique_spelling,
723,vāś,,vāś,vāś,II,A₂,seṭ,guna,guna,vrddhi,regular,guna_for_basic,talmud_appendix1,authorial,unique_spelling,
724,vāh,,vāh,vāh,II,A₂,seṭ,guna,guna,vrddhi,regular,guna_for_basic,talmud_appendix1,authorial,unique_spelling,
725,vic,1,vic,1 vic,I,I₁,aniṭ,basic,guna,vrddhi,regular,,talmud_appendix1,authorial,spelling+homonym,
726,vic,2,viøc,"vyac, vic",I,A₁,seṭ,basic,guna,vrddhi,regular,,talmud_appendix1,authorial,ambiguous_same_tip,
727,vij,,vij,vij,I,I₁,seṭ,basic,guna,vrddhi,regular,,talmud_appendix1,authorial,unique_spelling,
728,vid,1,vid,1 vid,I,I₁,veṭ,basic,guna,vrddhi,regular,,talmud_appendix1,authorial,spelling+homonym,
729,vid,2,vid,2 vid,I,I₁,veṭ,basic,guna,vrddhi,regular,,talmud_appendix1,authorial,spelling+homonym,
730,vidh,1,vidh,1 vidh,I,I₁,aniṭ,basic,guna,vrddhi,regular,,talmud_appendix1,authorial,spelling+homonym,
731,vidh,2,viødh,"vyadh, vidh",I,A₁,aniṭ,basic,guna,vrddhi,regular,,talmud_appendix1,authorial,ambiguous_same_tip,
732,vindh,,vidh,vindh,I,I₁,veṭ,basic,guna,vrddhi,regular,,talmud_appendix1,authorial,unique_spelling,
733,vip,,vep,"vip, vep",II,I,seṭ,guna,guna,vrddhi,regular,guna_for_basic,talmud_appendix1,authorial,unique_spelling,
734,viś,,viś,viś,I,I₁,aniṭ,basic,guna,vrddhi,regular,,talmud_appendix1,authorial,unique_spelling,
735,viṣ,,viṣ,viṣ,I,I₁,aniṭ,basic,guna,vrddhi,regular,,talmud_appendix1,authorial,unique_spelling,
736,viṣṭ,,viṣṭ,"viṣṭ, veṣṭ",I,I₁,seṭ,basic,guna,vrddhi,regular,,talmud_appendix1,authorial,unique_spelling,
737,vī,,vī,vī,I,I₂,aniṭ,basic,guna,vrddhi,regular,,talmud_appendix1,authorial,ambiguous_same_tip,
738,vīj,,vīøj,"vīj, vyaj",I,A₁,seṭ,basic,guna,vrddhi,regular,,talmud_appendix1,authorial,unique_spelling,
739,vīḍ,,vīḍ,vīḍ,III,I₂,,basic,basic,vrddhi,under-strong,,talmud_appendix1,authorial,unique_spelling,
740,vṛ,1,vṛ,1 vṛ,I,R₁,veṭ,basic,guna,vrddhi,regular,,talmud_appendix1,authorial,ambiguous_same_tip,
741,vṛ,2,vṛ,1 vṛ,I,R₁,veṭ,basic,guna,vrddhi,regular,,talmud_appendix1,authorial,ambiguous_same_tip,
742,vṛṃh,,vṛṃh,"vṛṃh, bṛṃh",III,R₁,seṭ,basic,basic,vrddhi,under-strong,,talmud_appendix1,authorial,unique_spelling,
743,vṛj,,vṛj,vṛj,I,R₁,veṭ,basic,guna,vrddhi,regular,,talmud_appendix1,authorial,unique_spelling,
744,vṛt,,vṛt,vṛt,I,R₁,veṭ,basic,guna,vrddhi,regular,,talmud_appendix1,authorial,unique_spelling,
745,vṛdh,,vṛdh,vṛdh,I,R₁,veṭ,basic,guna,vrddhi,regular,,talmud_appendix1,authorial,unique_spelling,
746,vṛṣ,,vṛṣ,vṛṣ,I,R₁,veṭ,basic,guna,vrddhi,regular,,talmud_appendix1,authorial,unique_spelling,
747,vṛh,,vṛh,"vṛh, bṛh",I,R₁,veṭ,basic,guna,vrddhi,regular,,talmud_appendix1,authorial,unique_spelling,
748,ven,,ven,ven,II,I,seṭ,guna,guna,vrddhi,regular,guna_for_basic,talmud_appendix1,authorial,unique_spelling,
749,vell,,vell,vell,II,I,seṭ,guna,guna,vrddhi,regular,guna_for_basic,talmud_appendix1,authorial,unique_spelling,
750,veṣṭ,,viṣṭ,"viṣṭ, veṣṭ",I,I₁,seṭ,basic,guna,vrddhi,regular,,talmud_appendix1,authorial,unique_spelling,
751,vyac,,viøc,"vyac, vic",I,A₁,seṭ,basic,guna,vrddhi,regular,,talmud_appendix1,authorial,unique_spelling,
752,vyaj,,vīøj,"vīj, vyaj",I,A₁,seṭ,basic,guna,vrddhi,regular,,talmud_appendix1,authorial,unique_spelling,
753,vyath,,vyath,vyath,II,A₁,seṭ,guna,guna,vrddhi,regular,guna_for_basic,talmud_appendix1,authorial,unique_spelling,
754,vyadh,,viødh,"vyadh, vidh",I,A₁,aniṭ,basic,guna,vrddhi,regular,,talmud_appendix1,authorial,unique_spelling,
755,vyay,,vye,vyay,II,I,seṭ,guna,guna,vrddhi,regular,guna_for_basic,talmud_appendix1,authorial,unique_spelling,
756,vyā,,vīø̄,"vyā, vī",I,A₂,aniṭ,basic,guna,vrddhi,regular,,talmud_appendix1,authorial,unique_spelling,
757,vraj,,vraj,vraj,II,A₁,seṭ,guna,guna,vrddhi,regular,guna_for_basic,talmud_appendix1,authorial,unique_spelling,
758,vrad,,vrn̥d,"vrad, vrand",I,N₁,aniṭ,basic,guna,vrddhi,regular,,talmud_appendix1,authorial,unique_spelling,
759,vran,,,,,,,,,,unclassifiable,,,,no_appendix1_entry,no_appendix1_entry
760,vraśc,,vṛøśc,vraśc,I,A₁,veṭ,basic,guna,vrddhi,regular,,talmud_appendix1,authorial,unique_spelling,
761,vrādh,,vrādh,vrādh,II,A₂,seṭ,guna,guna,vrddhi,regular,guna_for_basic,talmud_appendix1,authorial,unique_spelling,
762,vrīḍ,,vrīḍ,vrīḍ,III,I₂,seṭ,basic,basic,vrddhi,under-strong,,talmud_appendix1,authorial,unique_spelling,
763,vruḍ,,vruḍ,vruḍ,I,U₁,seṭ,basic,guna,vrddhi,regular,,talmud_appendix1,authorial,unique_spelling,
764,vlag,,vln̥g,"vlag, vlaṅg",I,N₁,aniṭ,basic,guna,vrddhi,regular,,talmud_appendix1,authorial,unique_spelling,
765,vlī,,vlī,"vlī, blī",I,I₂,aniṭ,basic,guna,vrddhi,regular,,talmud_appendix1,authorial,unique_spelling,
766,śaṃs,,śn̥s,śaṃs,I,N₁,veṭ,basic,guna,vrddhi,regular,,talmud_appendix1,authorial,unique_spelling,
767,śak,,,,,,,,,,unclassifiable,,,,ambiguous_conflicting,ambiguous_conflicting
768,śaṅk,,śank,śaṅk,II,N,seṭ,guna,guna,vrddhi,regular,guna_for_basic,talmud_appendix1,authorial,unique_spelling,
769,śat,,,,,,,,,,unclassifiable,,,,no_appendix1_entry,no_appendix1_entry
770,śad,1,śad,1 śad,II,A₁,aniṭ,guna,guna,vrddhi,regular,guna_for_basic,talmud_appendix1,authorial,spelling+homonym,
771,śad,2,śad,2 śad,II,A₁,aniṭ,guna,guna,vrddhi,regular,guna_for_basic,talmud_appendix1,authorial,spelling+homonym,
772,śap,,śap,śap,II,A₁,veṭ,guna,guna,vrddhi,regular,guna_for_basic,talmud_appendix1,authorial,unique_spelling,
773,śam,1,śam,"1 śam, śim",II,M,seṭ,guna,guna,vrddhi,regular,guna_for_basic,talmud_appendix1,authorial,spelling+homonym,
774,śam,2,śm̥̄,2 śam,I,M₂,seṭ,basic,guna,vrddhi,regular,,talmud_appendix1,authorial,spelling+homonym,
775,śam,3,,,,,,,,,unclassifiable,,,,ambiguous_conflicting,ambiguous_conflicting
776,śal,,śal,śal,II,L,seṭ,guna,guna,vrddhi,regular,guna_for_basic,talmud_appendix1,authorial,unique_spelling,
777,śaś,,śaś,śaś,II,A₁,seṭ,guna,guna,vrddhi,regular,guna_for_basic,talmud_appendix1,authorial,unique_spelling,
778,śas,,śas,"śas, śās",II,A₁,veṭ,guna,guna,vrddhi,regular,guna_for_basic,talmud_appendix1,authorial,unique_spelling,
779,śā,,śø̄,"śā, śi",I,A₂,aniṭ,basic,guna,vrddhi,regular,,talmud_appendix1,authorial,unique_spelling,
780,śās,1,śø̄s,"1 śās, śiṣ",I,A₂,veṭ,basic,guna,vrddhi,regular,,talmud_appendix1,authorial,spelling+homonym,
781,śās,2,,,,,,,,,unclassifiable,,,,ambiguous_conflicting,ambiguous_conflicting
782,śikṣ,,,,,,,,,,unclassifiable,,,,no_appendix1_entry,no_appendix1_entry
783,śiṅgh,,,,,,,,,,unclassifiable,,,,no_appendix1_entry,no_appendix1_entry
784,śiñj,,śiñj,śiñj,III,I₁,seṭ,basic,basic,vrddhi,under-strong,,talmud_appendix1,authorial,unique_spelling,
785,śip,,,,,,,,,,unclassifiable,,,,no_appendix1_entry,no_appendix1_entry
786,śim,,śam,"1 śam, śim",II,M,seṭ,guna,guna,vrddhi,regular,guna_for_basic,talmud_appendix1,authorial,unique_spelling,
787,śiṣ,,śiṣ,śiṣ,I,I₁,aniṭ,basic,guna,vrddhi,regular,,talmud_appendix1,authorial,spelling+homonym,
788,śī,1,,,,,,,,,unclassifiable,,,,ambiguous_conflicting,ambiguous_conflicting
789,śī,2,śe,2 śī,II,I,seṭ,guna,guna,vrddhi,regular,guna_for_basic,talmud_appendix1,authorial,spelling+homonym,
790,śuc,,śuc,śuc,I,U₁,veṭ,basic,guna,vrddhi,regular,,talmud_appendix1,authorial,unique_spelling,
791,śuj,,śuj,śuj,I,U₁,,basic,guna,vrddhi,regular,,talmud_appendix1,authorial,unique_spelling,
792,śudh,,śudh,"śudh, śundh",I,U₁,aniṭ,basic,guna,vrddhi,regular,,talmud_appendix1,authorial,unique_spelling,
793,śubh,,śubh,"śubh, śumbh",I,U₁,seṭ,basic,guna,vrddhi,regular,,talmud_appendix1,authorial,unique_spelling,
794,śuṣ,1,śuṣ,1 śuṣ,I,U₁,aniṭ,basic,guna,vrddhi,regular,,talmud_appendix1,authorial,spelling+homonym,
795,śuṣ,2,,,,,,,,,unclassifiable,,,,ambiguous_conflicting,ambiguous_conflicting
796,śū,,śvi,"śū, śvā, śvi",I,I₁,seṭ,basic,guna,vrddhi,regular,,talmud_appendix1,authorial,unique_spelling,
797,śṛ,1,śṝ,1 śṛ,I,R₂,seṭ,basic,guna,vrddhi,regular,,talmud_appendix1,authorial,ambiguous_same_tip,
798,śṛ,2,śṝ,1 śṛ,I,R₂,seṭ,basic,guna,vrddhi,regular,,talmud_appendix1,authorial,ambiguous_same_tip,
799,śṛ,3,śṝ,1 śṛ,I,R₂,seṭ,basic,guna,vrddhi,regular,,talmud_appendix1,authorial,ambiguous_same_tip,
800,śṛdh,,śṛdh,śṛdh,I,R₁,veṭ,basic,guna,vrddhi,regular,,talmud_appendix1,authorial,unique_spelling,
801,ścand,,cn̥d,"ścand, cand",I,N₁,seṭ,basic,guna,vrddhi,regular,,talmud_appendix1,authorial,unique_spelling,
802,ścam,,,,,,,,,,unclassifiable,,,,no_appendix1_entry,no_appendix1_entry
803,ścut,,ścut,ścut,I,U₁,seṭ,basic,guna,vrddhi,regular,,talmud_appendix1,authorial,unique_spelling,
804,śnath,,śnath,śnath,II,A₁,seṭ,guna,guna,vrddhi,regular,guna_for_basic,talmud_appendix1,authorial,unique_spelling,
805,śyā,,śīø̄,"śyā, śī",I,A₂,aniṭ,basic,guna,vrddhi,regular,,talmud_appendix1,authorial,unique_spelling,
806,śrath,,śṛøth,"śrath, ślath",I,A₁,seṭ,basic,guna,vrddhi,regular,,talmud_appendix1,authorial,unique_spelling,
807,śran,,śran,śran,II,N,seṭ,guna,guna,vrddhi,regular,guna_for_basic,talmud_appendix1,authorial,unique_spelling,
808,śram,,śrm̥̄,śram,I,M₂,seṭ,basic,guna,vrddhi,regular,,talmud_appendix1,authorial,unique_spelling,
809,śrambh,,śrn̥bh,śrambh,I,N₁,veṭ,basic,guna,vrddhi,regular,,talmud_appendix1,authorial,unique_spelling,
810,śrā,,śrā,"śrā, 2 śrī, 2 śṛ",II,A₂,aniṭ,guna,guna,vrddhi,regular,guna_for_basic,talmud_appendix1,authorial,unique_spelling,
811,śri,,śri,"śri, 3 śṛ",I,I₁,seṭ,basic,guna,vrddhi,regular,,talmud_appendix1,authorial,unique_spelling,
812,śriṣ,,śliṣ,"śliṣ, śriṣ",I,I₁,aniṭ,basic,guna,vrddhi,regular,,talmud_appendix1,authorial,unique_spelling,
813,śrī,1,śrī,"1 śrī, śṛ",I,I₂,veṭ,basic,guna,vrddhi,regular,,talmud_appendix1,authorial,unique_spelling,
814,śrī,2,śrī,"1 śrī, śṛ",I,I₂,veṭ,basic,guna,vrddhi,regular,,talmud_appendix1,authorial,unique_spelling,
815,śru,,śru,śru,I,U₁,aniṭ,basic,guna,vrddhi,regular,,talmud_appendix1,authorial,unique_spelling,
816,śruṣ,,,,,,,,,,unclassifiable,,,,no_appendix1_entry,no_appendix1_entry
817,ślath,,śṛøth,"śrath, ślath",I,A₁,seṭ,basic,guna,vrddhi,regular,,talmud_appendix1,authorial,unique_spelling,
818,ślā,,,,,,,,,,unclassifiable,,,,no_appendix1_entry,no_appendix1_entry
819,ślāgh,,ślāgh,ślāgh,II,A₂,seṭ,guna,guna,vrddhi,regular,guna_for_basic,talmud_appendix1,authorial,unique_spelling,
820,śliṣ,,śliṣ,"śliṣ, śriṣ",I,I₁,aniṭ,basic,guna,vrddhi,regular,,talmud_appendix1,authorial,unique_spelling,
821,śvañc,,śvn̥c,śvañc,I,N₁,aniṭ,basic,guna,vrddhi,regular,,talmud_appendix1,authorial,unique_spelling,
822,śvas,,śvas,"śvas, śuṣ",II,A₁,veṭ,guna,guna,vrddhi,regular,guna_for_basic,talmud_appendix1,authorial,unique_spelling,
823,śvā,,śvi,"śū, śvā, śvi",I,I₁,seṭ,basic,guna,vrddhi,regular,,talmud_appendix1,authorial,unique_spelling,
824,śvit,,śvit,śvit,I,I₁,veṭ,basic,guna,vrddhi,regular,,talmud_appendix1,authorial,unique_spelling,
825,ṣṭhīv,,ṣṭhīv,ṣṭhīv,I,I₂,seṭ,basic,guna,vrddhi,regular,,talmud_appendix1,authorial,unique_spelling,
826,sakṣ,,,,,,,,,,unclassifiable,,,,no_appendix1_entry,no_appendix1_entry
827,sagh,,sagh,sagh,II,A₁,seṭ,guna,guna,vrddhi,regular,guna_for_basic,talmud_appendix1,authorial,unique_spelling,
828,sac,,sac,sac,II,A₁,veṭ,guna,guna,vrddhi,regular,guna_for_basic,talmud_appendix1,authorial,unique_spelling,
829,saj,,saj,"saj, sañj",II,A₁,aniṭ,guna,guna,vrddhi,regular,guna_for_basic,talmud_appendix1,authorial,unique_spelling,
830,sad,,sad,sad,II,A₁,aniṭ,guna,guna,vrddhi,regular,guna_for_basic,talmud_appendix1,authorial,unique_spelling,
831,san,,sn̥̄,"san, 2 sā",I,N₂,seṭ,basic,guna,vrddhi,regular,,talmud_appendix1,authorial,unique_spelling,
832,sap,,sap,sap,II,A₁,veṭ,guna,guna,vrddhi,regular,guna_for_basic,talmud_appendix1,authorial,unique_spelling,
833,sarj,,sarj,sarj,II,R,seṭ,guna,guna,vrddhi,regular,guna_for_basic,talmud_appendix1,authorial,unique_spelling,
834,saśc,,,,,,,,,,unclassifiable,,,,no_appendix1_entry,no_appendix1_entry
835,sas,,sas,sas,II,A₁,veṭ,guna,guna,vrddhi,regular,guna_for_basic,talmud_appendix1,authorial,unique_spelling,
836,sah,,sah,sah,II,A₁,seṭ,guna,guna,vrddhi,regular,guna_for_basic,talmud_appendix1,authorial,unique_spelling,
837,sā,1,sø̄,"1 sā, si",I,A₂,aniṭ,basic,guna,vrddhi,regular,,talmud_appendix1,authorial,unique_spelling,
838,sā,2,sø̄,"1 sā, si",I,A₂,aniṭ,basic,guna,vrddhi,regular,,talmud_appendix1,authorial,unique_spelling,
839,sādh,,sādh,"sādh, sadh",II,A₂,aniṭ,guna,guna,vrddhi,regular,guna_for_basic,talmud_appendix1,authorial,unique_spelling,
840,si,,sø̄,"1 sā, si",I,A₂,aniṭ,basic,guna,vrddhi,regular,,talmud_appendix1,authorial,unique_spelling,
841,sic,,sic,sic,I,I₁,aniṭ,basic,guna,vrddhi,regular,,talmud_appendix1,authorial,unique_spelling,
842,sidh,1,sidh,1 sidh,I,I₁,veṭ,basic,guna,vrddhi,regular,,talmud_appendix1,authorial,spelling+homonym,
843,sidh,2,sidh,2 sidh,I,I₁,aniṭ,basic,guna,vrddhi,regular,,talmud_appendix1,authorial,spelling+homonym,
844,sī,,,,,,,,,,unclassifiable,,,,no_appendix1_entry,no_appendix1_entry
845,sīv,,sīv,"sīv, syū",I,I₂,seṭ,basic,guna,vrddhi,regular,,talmud_appendix1,authorial,unique_spelling,
846,su,,su,su,I,U₁,veṭ,basic,guna,vrddhi,regular,,talmud_appendix1,authorial,ambiguous_same_tip,
847,sul,,,,,,,,,,unclassifiable,,,,no_appendix1_entry,no_appendix1_entry
848,subh,,subh,"subh, sumbh",I,U₁,veṭ,basic,guna,vrddhi,regular,,talmud_appendix1,authorial,unique_spelling,
849,sū,,sū,"sū, su",I,U₂,veṭ,basic,guna,vrddhi,regular,,talmud_appendix1,authorial,unique_spelling,
850,sūd,,sūd,sūd,III,U₂,seṭ,basic,basic,vrddhi,under-strong,,talmud_appendix1,authorial,unique_spelling,
851,sūrkṣ,,sūrkṣ,sūrkṣ,III,U₂,seṭ,basic,basic,vrddhi,under-strong,,talmud_appendix1,authorial,unique_spelling,
852,sṛ,,sṛ,sṛ,I,R₁,veṭ,basic,guna,vrddhi,regular,,talmud_appendix1,authorial,unique_spelling,
853,sṛk,,,,,,,,,,unclassifiable,,,,no_appendix1_entry,no_appendix1_entry
854,sṛj,,sṛj,sṛj,I,R₁,aniṭ,basic,guna,vrddhi,regular,,talmud_appendix1,authorial,unique_spelling,
855,sṛp,,sṛp,sṛp,I,R₁,aniṭ,basic,guna,vrddhi,regular,,talmud_appendix1,authorial,unique_spelling,
856,sev,,sev,sev,II,I,seṭ,guna,guna,vrddhi,regular,guna_for_basic,talmud_appendix1,authorial,unique_spelling,
857,skand,,skn̥d,skand,I,N₁,aniṭ,basic,guna,vrddhi,regular,,talmud_appendix1,authorial,unique_spelling,
858,skambh,,skn̥bh,"skambh, skabh",I,N₁,seṭ,basic,guna,vrddhi,regular,,talmud_appendix1,authorial,unique_spelling,
859,sku,,sku,sku,I,U₁,aniṭ,basic,guna,vrddhi,regular,,talmud_appendix1,authorial,unique_spelling,
860,skṛ,,,,,,,,,,unclassifiable,,,,no_appendix1_entry,no_appendix1_entry
861,skhal,,skhal,skhal,II,L,seṭ,guna,guna,vrddhi,regular,guna_for_basic,talmud_appendix1,authorial,unique_spelling,
862,stan,,stan,stan,II,N,seṭ,guna,guna,vrddhi,regular,guna_for_basic,talmud_appendix1,authorial,unique_spelling,
863,stambh,,stn̥bh,"stambh, stabh",I,N₁,veṭ,basic,guna,vrddhi,regular,,talmud_appendix1,authorial,unique_spelling,
864,stā,,,,,,,,,,unclassifiable,,,,no_appendix1_entry,no_appendix1_entry
865,stigh,,stigh,stigh,I,I₁,seṭ,basic,guna,vrddhi,regular,,talmud_appendix1,authorial,unique_spelling,
866,stim,,stim,"stim, stīm",I,I₁,seṭ,basic,guna,vrddhi,regular,,talmud_appendix1,authorial,unique_spelling,
867,stu,1,stu,1 stu,I,U₁,veṭ,basic,guna,vrddhi,regular,,talmud_appendix1,authorial,unique_spelling,
868,stu,2,stu,1 stu,I,U₁,veṭ,basic,guna,vrddhi,regular,,talmud_appendix1,authorial,unique_spelling,
869,stubh,,stubh,stubh,I,U₁,veṭ,basic,guna,vrddhi,regular,,talmud_appendix1,authorial,unique_spelling,
870,stṛ,,stṛ,stṛ,I,R₁,veṭ,basic,guna,vrddhi,regular,,talmud_appendix1,authorial,unique_spelling,
871,stṛh,,,,,,,,,,unclassifiable,,,,no_appendix1_entry,no_appendix1_entry
872,styā,,styā,"styā, stī",II,A₂,aniṭ,guna,guna,vrddhi,regular,guna_for_basic,talmud_appendix1,authorial,unique_spelling,
873,sthag,,sthag,sthag,II,A₁,seṭ,guna,guna,vrddhi,regular,guna_for_basic,talmud_appendix1,authorial,unique_spelling,
874,sthā,,sthø̄,sthā,I,A₂,aniṭ,basic,guna,vrddhi,regular,,talmud_appendix1,authorial,unique_spelling,
875,snā,,snā,snā,II,A₂,aniṭ,guna,guna,vrddhi,regular,guna_for_basic,talmud_appendix1,authorial,unique_spelling,
876,snih,,snih,snih,I,I₁,veṭ,basic,guna,vrddhi,regular,,talmud_appendix1,authorial,unique_spelling,
877,snu,,snu,snu,I,U₁,veṭ,basic,guna,vrddhi,regular,,talmud_appendix1,authorial,unique_spelling,
878,spand,,spn̥d,spand,I,N₁,seṭ,basic,guna,vrddhi,regular,,talmud_appendix1,authorial,unique_spelling,
879,spaś,,spaś,"1 paś, spaś",II,A₁,veṭ,guna,guna,vrddhi,regular,guna_for_basic,talmud_appendix1,authorial,unique_spelling,
880,spūrdh,,spṛdh,"spṛdh, spūrdh",I,R₁,seṭ,basic,guna,vrddhi,regular,,talmud_appendix1,authorial,unique_spelling,
881,spṛ,,spṛ,spṛ,I,R₁,veṭ,basic,guna,vrddhi,regular,,talmud_appendix1,authorial,unique_spelling,
882,spṛdh,,spṛdh,"spṛdh, spūrdh",I,R₁,seṭ,basic,guna,vrddhi,regular,,talmud_appendix1,authorial,unique_spelling,
883,spṛś,,spṛś,spṛś,I,R₁,aniṭ,basic,guna,vrddhi,regular,,talmud_appendix1,authorial,unique_spelling,
884,spṛh,,spṛh,spṛh,III,R₁,aniṭ,basic,basic,vrddhi,under-strong,,talmud_appendix1,authorial,unique_spelling,
885,sphaṭ,,,,,,,,,,unclassifiable,,,,no_appendix1_entry,no_appendix1_entry
886,sphar,,sphur,"sphṛ, sphar,",III,U₁,seṭ,basic,basic,vrddhi,under-strong,,talmud_appendix1,authorial,unique_spelling,
887,sphal,,sphal,sphal,II,L,seṭ,guna,guna,vrddhi,regular,guna_for_basic,talmud_appendix1,authorial,unique_spelling,
888,sphā,,sphā,sphā,II,A₂,aniṭ,guna,guna,vrddhi,regular,guna_for_basic,talmud_appendix1,authorial,unique_spelling,
889,sphuṭ,,,,,,,,,,unclassifiable,,,,ambiguous_conflicting,ambiguous_conflicting
890,sphur,,,,,,,,,,unclassifiable,,,,no_appendix1_entry,no_appendix1_entry
891,sphūrj,,,,,,,,,,unclassifiable,,,,no_appendix1_entry,no_appendix1_entry
892,sphṛ,,sphur,"sphṛ, sphar,",III,U₁,seṭ,basic,basic,vrddhi,under-strong,,talmud_appendix1,authorial,unique_spelling,
893,smi,,smi,smi,I,I₁,veṭ,basic,guna,vrddhi,regular,,talmud_appendix1,authorial,unique_spelling,
894,smṛ,,smṛ,smṛ,I,R₁,veṭ,basic,guna,vrddhi,regular,,talmud_appendix1,authorial,unique_spelling,
895,syand,,syn̥d,"syand, syad",I,N₁,veṭ,basic,guna,vrddhi,regular,,talmud_appendix1,authorial,unique_spelling,
896,sraṃs,,srn̥s,"sraṃs, sras",I,N₁,veṭ,basic,guna,vrddhi,regular,,talmud_appendix1,authorial,unique_spelling,
897,sridh,,sridh,sridh,I,I₁,aniṭ,basic,guna,vrddhi,regular,,talmud_appendix1,authorial,unique_spelling,
898,srīv,,srīv,srīv,I,I₂,seṭ,basic,guna,vrddhi,regular,,talmud_appendix1,authorial,unique_spelling,
899,sru,,sru,sru,I,U₁,seṭ,basic,guna,vrddhi,regular,,talmud_appendix1,authorial,unique_spelling,
900,svaj,,svn̥j,"svaj, svañj",I,N₁,veṭ,basic,guna,vrddhi,regular,,talmud_appendix1,authorial,unique_spelling,
901,svad,,svād,"svad, svād",II,A₂,veṭ,guna,guna,vrddhi,regular,guna_for_basic,talmud_appendix1,authorial,unique_spelling,
902,svan,,svan,svan,II,N,seṭ,guna,guna,vrddhi,regular,guna_for_basic,talmud_appendix1,authorial,unique_spelling,
903,svap,,suøp,svap,I,A₁,veṭ,basic,guna,vrddhi,regular,,talmud_appendix1,authorial,unique_spelling,
904,svar,,svar,svar,II,R,seṭ,guna,guna,vrddhi,regular,guna_for_basic,talmud_appendix1,authorial,unique_spelling,
905,svād,,svād,"svad, svād",II,A₂,veṭ,guna,guna,vrddhi,regular,guna_for_basic,talmud_appendix1,authorial,unique_spelling,
906,svid,,svid,svid,I,I₁,aniṭ,basic,guna,vrddhi,regular,,talmud_appendix1,authorial,unique_spelling,
907,had,,had,had,II,A₁,aniṭ,guna,guna,vrddhi,regular,guna_for_basic,talmud_appendix1,authorial,unique_spelling,
908,han,,hn̥,han,I,N₁,veṭ,basic,guna,vrddhi,regular,,talmud_appendix1,authorial,unique_spelling,
909,har,,hari,har,II,R,seṭ,guna,guna,vrddhi,regular,guna_for_basic,talmud_appendix1,authorial,unique_spelling,
910,has,,has,has,II,A₁,seṭ,guna,guna,vrddhi,regular,guna_for_basic,talmud_appendix1,authorial,unique_spelling,
911,hā,1,hø̄,1 hā,I,A₂,aniṭ,basic,guna,vrddhi,regular,,talmud_appendix1,authorial,spelling+homonym,
912,hā,2,hā,2 hā,II,A₂,aniṭ,guna,guna,vrddhi,regular,guna_for_basic,talmud_appendix1,authorial,spelling+homonym,
913,hās,,hās,hās,II,A₂,seṭ,guna,guna,vrddhi,regular,guna_for_basic,talmud_appendix1,authorial,unique_spelling,
914,hi,,hi,hi,I,I₁,aniṭ,basic,guna,vrddhi,regular,,talmud_appendix1,authorial,unique_spelling,
915,hiṃs,,hiṃs,hiṃs,III,I₁,seṭ,basic,basic,vrddhi,under-strong,,talmud_appendix1,authorial,unique_spelling,
916,hikk,,hikk,hikk,III,I₁,seṭ,basic,basic,vrddhi,under-strong,,talmud_appendix1,authorial,unique_spelling,
917,hiṇḍ,,hiṇḍ,hiṇḍ,III,I₁,seṭ,basic,basic,vrddhi,under-strong,,talmud_appendix1,authorial,unique_spelling,
918,hīḍ,,hīḍ,"hīḍ, hel",III,I₂,seṭ,basic,basic,vrddhi,under-strong,,talmud_appendix1,authorial,unique_spelling,
919,hu,,hu,hu,I,U₁,aniṭ,basic,guna,vrddhi,regular,,talmud_appendix1,authorial,unique_spelling,
921,hū,,hū,"hū, hvā, hve",I,U₂,aniṭ,basic,guna,vrddhi,regular,,talmud_appendix1,authorial,unique_spelling,
922,hūrch,,hūrch,hūrch,III,U₂,seṭ,basic,basic,vrddhi,under-strong,,talmud_appendix1,authorial,unique_spelling,
923,hṛ,1,hṛ,1 hṛ,I,R₁,veṭ,basic,guna,vrddhi,regular,,talmud_appendix1,authorial,spelling+homonym,
924,hṛ,2,hṛ,2 hṛ,I,R₁,veṭ,basic,guna,vrddhi,regular,,talmud_appendix1,authorial,spelling+homonym,
925,hṛṣ,,hṛṣ,hṛṣ,I,R₁,veṭ,basic,guna,vrddhi,regular,,talmud_appendix1,authorial,unique_spelling,
926,heṭh,,,,,,,,,,unclassifiable,,,,no_appendix1_entry,no_appendix1_entry
927,heḍ,,,,,,,,,,unclassifiable,,,,no_appendix1_entry,no_appendix1_entry
928,heṣ,,heṣ,heṣ,II,I,seṭ,guna,guna,vrddhi,regular,guna_for_basic,talmud_appendix1,authorial,unique_spelling,
929,hnu,,hnu,hnu,I,U₁,aniṭ,basic,guna,vrddhi,regular,,talmud_appendix1,authorial,unique_spelling,
930,hras,,hras,hras,II,A₁,veṭ,guna,guna,vrddhi,regular,guna_for_basic,talmud_appendix1,authorial,unique_spelling,
931,hrād,,hrād,hrād,II,A₂,seṭ,guna,guna,vrddhi,regular,guna_for_basic,talmud_appendix1,authorial,unique_spelling,
932,hrī,,hrī,hrī,I,I₂,aniṭ,basic,guna,vrddhi,regular,,talmud_appendix1,authorial,unique_spelling,
934,hreṣ,,hreṣ,hreṣ,II,I,seṭ,guna,guna,vrddhi,regular,guna_for_basic,talmud_appendix1,authorial,unique_spelling,
935,hlād,,hlād,hlād,II,A₂,seṭ,guna,guna,vrddhi,regular,guna_for_basic,talmud_appendix1,authorial,unique_spelling,
936,hval,,hval,hval,II,L,seṭ,guna,guna,vrddhi,regular,guna_for_basic,talmud_appendix1,authorial,unique_spelling,
937,hvṛ,,hvṛ,"hvṛ, hru, hur",I,R₁,aniṭ,basic,guna,vrddhi,regular,,talmud_appendix1,authorial,unique_spelling,
