whitney_no,root_iast,root_slp1,homonym,class,class_uncertain,gloss_short,ppp,period_tags,grouped,warnemyr_url
1,aṃh,aMh,,,,be narrow or distressing,,B|RV|S|V,0,root_a_mh.html
2,akṣ,akz,1,I,,attain,,,0,root_1_ak_s.html
3,akṣ,akz,2,V,,mutilate,,AV|B|V,0,root_2_ak_s.html
4,aṅg,aNg,,I,,move,,,0,root_a_gg.html
5,ac,ac,,I,,bend,akná,AV|B|E|RV|S|V,1,root_ac.html
6,aj,aj,,I,,drive,-,AV|B|C|RV|S|V,0,root_aj.html
7,añj,aYj,,I|VII,,anoint,aktá,B|C|E|RV|S|V,0,root_a_jj.html
8,aṭ,aw,,I,,wander,aṭita,C|E,0,root_a_t.html
9,aṇṭh,aRW,,VI,,visit,aṇṭhita,C,0,root_a_n_th.html
10,at,at,,I,,wander,-,B|C|RV|V,0,root_at.html
11,ad,ad,,I|II,,eat,,AV|B|C|E|RV|S|V,0,root_ad.html
12,an,an,,I|II|VI,,breathe,,AV|B|RV|V,0,root_an.html
13,am,am,,I|II,,injure,ānta,AV|B|E|RV|S|V,0,root_am.html
14,ay,ay,,,,,,,0,root_ay.html
15,arc,arc,,I,,"shine, praise",arcita,AV|C|E|RV|V,1,root_arc.html
16,arj,arj,,,,,,,0,root_arj.html
17,art,art,,,,,,,0,root_art.html
18,arh,arh,,I,,deserve,,C|E|S|V,0,root_arh.html
19,av,av,,I,,favor,,B|C|RV|S|V,0,root_av.html
20,aś,aS,1,V,IX,attain,,B|E|RV|S|V,1,root_1_az.html
21,aś,aS,2,I|IX,,eat,aśitá,AV|B|E|RV|S|V,0,root_2_az.html
22,as,as,1,II,,be,,AV|B|V,0,root_1_as.html
23,as,as,2,I|IV,,throw,asta,AV|B|C|E|RV|S|V,0,root_2_as.html
24,ah,ah,,,,say,,S|V,0,root_ah.html
25,āñch,AYC,,I,,tear,,C,0,root_aa_jch.html
26,āp,Ap,,V,,obtain,āptá,AV|B|C|E|RV|S|V,0,root_aap.html
27,ār,Ar,,IV,,praise,āritá,,0,root_aar.html
28,ās,As,,I|II|IV,,sit,āsitá,AV|B|C|E|S|V,0,root_aas.html
29,i,i,1,I|IV|V,,go,itá,AV|B|C|E|RV|S|V,1,root_1_i.html
30,i,i,2,I|V|IX,,send,,B|C|RV|V,1,root_2_i.html
31,iṅg,iNg,,I,,stir,iṅgita,C|E|S|V,0,root_i_gg.html
32,ich,iC,,,,,,,0,root_ich.html
33,iṭ,iw,,,,wander,,RV,0,root_i_t.html
34,iḍ,iq,,,,,,V,0,root_i_d.html
35,idh,iD,,I,,kindle,iddhá,AV|B|E|RV|S|V,1,root_idh.html
36,in,in,,,,,,,1,root_in.html
37,inakṣ,inakz,,,,,,,0,root_inak_s.html
38,iyakṣ,iyakz,,,,,,,0,root_iyak_s.html
39,irajy,irajy,,,,,,,0,root_irajy.html
40,iradh,iraD,,,,,,,0,root_iradh.html
41,il,il,,VI,,be quiet,,AV|B|S,0,root_il.html
42,iṣ,iz,1,I|IV|VI,,"seek, desire",iṣṭá,AV|B|C|E|RV|S|V,1,root_1_i_s.html
43,iṣ,iz,2,IV|VI|IX,,send,iṣitá,B|C|E|RV|V,0,root_2_i_s.html
44,ī,I,,,,,,,0,root_ii.html
45,īkṣ,Ikz,,I,,see,īkṣitá,AV|B|C|E|RV|S|V,0,root_iik_s.html
46,īṅkh,INK,,I,,swing,,C|RV|V,0,root_ii_gkh.html
47,īj,Ij,,,,,,,0,root_iij.html
48,īḍ,Iq,,I|II,,praise,īḍitá,AV|B|E|RV|V,0,root_ii_d.html
49,īr,Ir,,I|II,,set in motion,,B|C|E|RV|S|V,0,root_iir.html
50,īrṣy,Irzy,,I,,be jealous,īrṣyita,AV|B|C,0,root_iir_sy.html
51,īś,IS,,I|II,,be master,īśita,AV|B|C|RV|S|V,0,root_iiz.html
52,īṣ,Iz,,I,,move,,B|C|RV|S|V,1,root_ii_s.html
53,īh,Ih,,I,,be eager,īhita,AV|B|C|E|S|V,0,root_iih.html
54,u,u,,I|II|V,,proclaim,,,0,root_u.html
55,ukṣ,ukz,1,VI,,sprinkle,,AV|B|C|RV|S|V,0,root_1_uk_s.html
56,ukṣ,ukz,2,,,grow,,,1,root_2_uk_s.html
57,uc,uc,,IV,,be pleased,ucitá,AV|RV|V,0,root_uc.html
58,uch,uC,,,,,,,0,root_uch.html
59,ujh,uJ,,VI,,forsake,ujhita,C|E|S,0,root_ujh.html
60,uñch,uYC,,VI,,glean,,C|S,0,root_u_jch.html
61,ud,ud,,VI|VII,,wet,utta,AV|B|C|RV|S|V,1,root_ud.html
62,ubj,ubj,,VI,,force,ubjitá,AV|B|RV|V,0,root_ubj.html
63,ubh,uB,,VI|VII|IX,,confine,ubdhá,AV|B|C|RV,1,root_ubh.html
64,uṣ,uz,1,,,shine,,,0,root_1_u_s.html
65,uṣ,uz,2,I|IX,,burn,uṣṭa,B|C|E|RV|S|V,0,root_2_u_s.html
66,ūrṇu,UrRu,1,,,,,,0,root_1_uur_nu.html
67,ūh,Uh,1,I,,remove,ūḍha,AV|B|C|E|RV|S|V,0,root_1_uuh.html
68,ūh,Uh,2,I|II,,consider,,C|E|RV|V,0,root_2_uuh.html
69,ṛ,f,,II|III|V|VI|IX,,"go, send",ṛtá,AV|B|C|E|RV|S|V,1,root__r.html
70,ṛc,fc,,,,,,,0,root__rc.html
72,ṛj,fj,2,,,shine,,RV|V,0,root_2__rj.html
73,ṛt,ft,,,,pursue,,,1,root__rt.html
74,ṛd,fd,,I|VI|VII,,"stir, dissolve",,AV|C|E|S|V,1,root__rd.html
75,ṛdh,fD,,IV|V|VII,,thrive,ṛddha,AV|B|RV|S|V,0,root__rdh.html
76,ṛś,fS,,,,harm,,AV|B|RV|V,0,root__rz.html
77,ṛṣ,fz,,I|VI,,"rush, push",,AV|B|RV|V,0,root__r_s.html
78,ej,ej,,I,,stir,,AV|RV|V,1,root_ej.html
79,edh,eD,,I,,thrive,edhita,AV|B|C|E|S|V,0,root_edh.html
80,katth,katT,,I,,boast,katthita,C|E,0,root_katth.html
81,kath,kaT,,X,,talk,,C|S,0,root_kath.html
82,kad,kad,,,,destroy,,E,0,root_kad.html
83,kan,kan,,IV,,"be pleased, enjoy",,B|E|RV|V,1,root_kan.html
84,kam,kam,,,,love,kāṃta,AV|B|C|E|S|V,0,root_kam.html
85,kamp,kamp,,I,,tremble,kampita,B|C|E|RV|S|V,0,root_kamp.html
86,kal,kal,,I|III,,"drive, produce",,B|C|E|S,0,root_kal.html
87,kaṣ,kaz,,I,,scratch,kaṣita,AV|B|C|E|S,0,root_ka_s.html
88,kas,kas,,I,,open,kasta,AV|B|C|E|S|V,0,root_kas.html
89,kā,kA,,,,,,,0,root_kaa.html
90,kāṅkṣ,kANkz,,I,,desire,kāṅkṣita,B|C|E,0,root_kaa_gk_s.html
91,kāś,kAS,,I,,"appear, make a show",kāśita,AV|B|C|E|V,0,root_kaaz.html
92,kās,kAs,,I,,cough,,AV|C,0,root_kaas.html
93,ku,ku,,,,,,,0,root_ku.html
94,kuc,kuc,,I|VI,,"shrink, curl",kucita,C|E|S,1,root_kuc.html
95,kuñj,kuYj,,I,,rustle,,,0,root_ku_jj.html
96,kuṭṭ,kuww,,,,"divide, crush",,C|E,0,root_ku_t_t.html
97,kuṇṭh,kuRW,,,,dull,,C|E,0,root_ku_n_th.html
98,kuth,kuT,,,,stink,kuthita,B|C,0,root_kuth.html
99,kup,kup,,IV,,be angry,kupita,AV|B|C|E|RV|S,0,root_kup.html
100,kuṣ,kuz,,VI|IX,,tear,,C|S,0,root_ku_s.html
101,kū,kU,,II|VI,,design,-,AV|RV|V,0,root_kuu.html
102,kūj,kUj,,I,,hum,kūjita,AV|E|S,0,root_kuuj.html
103,kūḍ,kUq,,,,burn,,C|S,1,root_kuu_d.html
104,kūṇ,kUR,,I,,shrink,,S,0,root_kuu_n.html
105,kūrd,kUrd,,I,,"leap, exult",kūrdita,C|E|S,0,root_kuurd.html
106,kṛ,kf,1,I|II|V|VIII,,make,kṛtá,AV|B|C|E|RV|S|V,0,root_1_k_r.html
107,kṛ,kf,2,VI,,scatter,,B|C|E|S|V,1,root_2_k_r.html
108,kṛ,kf,3,,,commemorate,,RV|V,0,root_3_k_r.html
109,kṛt,kft,1,I|VI,,cut,kṛttá,AV|B|C|E|RV|S|V,0,root_1_k_rt.html
110,kṛt,kft,2,VII,,spin,,B|C|E|S|V,0,root_2_k_rt.html
111,kṛp,kfp,,I,,lament,,AV|E|RV|S|V,0,root_k_rp.html
112,kṛś,kfS,,IV,,be lean,kṛśita,C|V,0,root_k_rz.html
113,kṛṣ,kfz,,I|VI,,"drag, plough",kṛṣṭá,AV|B|C|E|RV|S|V,0,root_k_r_s.html
114,kḷp,kxp,,I,,be in order,kḷptá,AV|B|C|E|RV|S|V,0,root_k_lp.html
115,knū,knU,,IV,,wet,,C,0,root_knuu.html
116,krakṣ,krakz,,I,,crash,,,0,root_krak_s.html
117,krath,kraT,,I,,be jubilant,,C|E,0,root_krath.html
118,krand,krand,,I,,cry out,krandita,AV|B|C|E|RV|S|V,1,root_krand.html
119,kram,kram,,I|IV,,stride,krāṃtá,AV|B|C|E|RV|S|V,0,root_kram.html
120,krī,krI,,IX,,buy,krītá,AV|B|E|S|V,0,root_krii.html
121,krīḍ,krIq,,I,,play,krīḍita,B|C|E|RV|S|V,0,root_krii_d.html
122,kru,kru,,,,be rough or raw,,AV|RV|V,0,root_kru.html
123,krudh,kruD,,IV,,be angry,kruddhá,AV|B|C|E|RV|V,0,root_krudh.html
124,kruś,kruS,,I,,cry out,kruṣṭa,B|C|E|RV|S|V,0,root_kruz.html
125,krūḍ,krUq,,,,thicken,,AV,0,root_kruu_d.html
126,klath,klaT,,I,,turn,,,0,root_klath.html
127,kland,kland,,,,,,,0,root_kland.html
128,klam,klam,,IV,,be weary,klāṃtá,C|E,0,root_klam.html
129,klav,klav,,,,stammer,,C|E,0,root_klav.html
130,klid,klid,,I|IV,,be wet,klinna,AV|C|E|S,0,root_klid.html
131,kliś,kliS,,IV|IX,,distress,kliṣṭa,C|E|S,0,root_kliz.html
132,kvaṇ,kvaR,,I,,sound,,C|S,0,root_kva_n.html
133,kvath,kvaT,,I,,boil,,B|C|E|S,0,root_kvath.html
134,kṣad,kzad,,I,,divide,,RV|V,0,root_k_sad.html
135,kṣan,kzan,,VIII,,wound,,AV|B|C|E|V,0,root_k_san.html
136,kṣap,kzap,,I,,be abstinent,,E|V,0,root_k_sap.html
137,kṣam,kzam,,I|IV,,endure,kṣāṃta,AV|B|C|E|RV|V,0,root_k_sam.html
138,kṣar,kzar,,I,,flow,kṣarita,B|C|V,0,root_k_sar.html
139,kṣal,kzal,,,,wash,,B|C|E|S,0,root_k_sal.html
140,kṣā,kzA,,IV,,burn,kṣāṇa,AV|B|E|RV,0,root_k_saa.html
141,kṣi,kzi,1,I|II|VI,,possess,,AV|B|RV|V,0,root_1_k_si.html
142,kṣi,kzi,2,I|II|IV|V|IX,,destroy,kṣitá,AV|B|C|E|S|V,1,root_2_k_si.html
143,kṣip,kzip,,VI,,throw,kṣiptá,B|C|E|RV|S|V,0,root_k_sip.html
144,kṣu,kzu,,II,,sneeze,kṣuta,AV|B|C|E,0,root_k_su.html
145,kṣud,kzud,,I|VII,,crush,kṣuṇṇa,B|E|RV|S|V,0,root_k_sud.html
146,kṣudh,kzuD,,IV,,be hungry,kṣudhita,AV|B|C|E|S|V,0,root_k_sudh.html
147,kṣup,kzup,,VI,,be startled,,E|RV,0,root_k_sup.html
148,kṣubh,kzuB,,I|IV|V|IX,,quake,kṣubdha,AV|B|C|E|RV|S|V,0,root_k_subh.html
149,kṣṇu,kzRu,,II,,whet,kṣṇutá,B|RV|S,0,root_k_s_nu.html
150,kṣmā,kzmA,,IV,,tremble,,,0,root_k_smaa.html
151,kṣviḍ,kzviq,,I,,hum,kṣveḍita,E,0,root_k_svi_d.html
152,kṣvid,kzvid,,I,,hum,kṣviṇṇa,C,0,root_k_svid.html
153,kṣvel,kzvel,,I,,play,kṣvelita,C|E,0,root_k_svel.html
154,khac,Kac,,I,,,khacita,E,0,root_khac.html
155,khañj,KaYj,,I,,limp,,C,0,root_kha_jj.html
156,khad,Kad,,VI,,be hard,,S|V,0,root_khad.html
157,khan,Kan,,I,,dig,khātá,AV|B|C|E|S|V,1,root_khan.html
158,kharj,Karj,,I,,creak,,B|V,0,root_kharj.html
159,khall,Kall,,I,,be relaxed,,C,0,root_khall.html
160,khā,KA,,,,,,,0,root_khaa.html
161,khād,KAd,,I,,chew,,B|C|E|RV|S|V,0,root_khaad.html
162,khid,Kid,,IV|VI|VII,,tear,khinna,B|C|E|RV|S|V,0,root_khid.html
163,khud,Kud,,VI,,to have sexual intercourse,,AV|RV|S,0,root_khud.html
164,khel,Kel,,I,,stagger,khelita,C|E|V,0,root_khel.html
165,khyā,KyA,,II,,see,khyātá,AV|B|C|E|S|V,0,root_khyaa.html
166,gach,gaC,,,,,,,0,root_gach.html
167,gad,gad,,I,,say,gadita,AV|B|C|E|S|V,0,root_gad.html
168,gadh,gaD,,,,attach,-,RV,0,root_gadh.html
169,gabh,gaB,,,,,,,0,root_gabh.html
170,gam,gam,,I|II,,go,gatá,AV|B|C|E|RV|S|V,1,root_gam.html
171,garj,garj,,I,,roar,,C|E,0,root_garj.html
172,gard,gard,,I,,exult,,,0,root_gard.html
173,garh,garh,,I,,chide,garhita,E|RV|S,0,root_garh.html
174,gal,gal,,I,,drop,galita,C|E,0,root_gal.html
175,galbh,galB,,I,,dare,,B,0,root_galbh.html
176,gā,gA,1,I|II,,go,,AV|B|C|E|RV|V,0,root_1_gaa.html
177,gā,gA,2,I|IV,,sing,gītá,AV|B|C|E|RV|S|V,0,root_2_gaa.html
178,gāh,gAh,,I,,plunge,gāḍha,AV|B|C|E|RV|S|V,0,root_gaah.html
179,gir,gir,,,,,,,1,root_gir.html
180,gu,gu,,I,,sound,,RV|V,0,root_gu.html
181,guñj,guYj,,I,,hum,guñjita,C,0,root_gu_jj.html
182,guṇṭh,guRW,,,,cover up,,C|E|S,0,root_gu_n_th.html
183,gup,gup,,I,,protect,gupitá,AV|B|C|E|S|V,0,root_gup.html
184,guph,guP,,I,,twine,,C,1,root_guph.html
185,gur,gur,,VI,,greet,gūrtá,B|C|RV|S|V,0,root_gur.html
186,gulph,gulP,,,,bunch,,AV,0,root_gulph.html
187,guh,guh,,I,,hide,gūḍhá,B|C|E|RV|S|V,0,root_guh.html
188,gūrd,gUrd,,I,,exult,,B|S,0,root_guurd.html
189,gūrdh,gUrD,,,,exalt,,,0,root_guurdh.html
190,gṛ,gf,1,VI|IX,,sing,,AV|B|C|S|V,0,root_1_g_r.html
191,gṛ,gf,2,VI|IX,,swallow,gīrṇá,AV|B|C|E|RV|S|V,1,root_2_g_r.html
192,gṛ,gf,3,II|VI,,wake,,B|C|E|RV|S|V,1,root_3_g_r.html
193,gṛdh,gfD,,IV,,be greedy,gṛddha,AV|B|C|E|RV|V,0,root_g_rdh.html
194,gai,gE,,,,sing,,,0,root_gai.html
195,grath,graT,,I|VII|IX,,tie,grathitá,B|C|E|RV|S|V,1,root_grath.html
196,grabh,graB,,I|IX,,seize,gṛbhītá,AV|B|C|E|RV|S|V,1,root_grabh.html
197,gras,gras,,I,,devour,grasitá,B|C|E|RV|S|V,0,root_gras.html
198,glap,glap,,,,,,,0,root_glap.html
199,glah,glah,,I,,gamble,,AV,0,root_glah.html
200,glā,glA,,II|IV,,be weary,glāná,AV|B|C|E|S|V,0,root_glaa.html
201,ghaṭ,Gaw,,I,,strive,ghaṭita,AV|C|E|RV,0,root_gha_t.html
202,ghaṭṭ,Gaww,,I,,rub,ghaṭṭita,C|E,0,root_gha_t_t.html
203,ghar,Gar,,,,,,,0,root_ghar.html
204,ghas,Gas,,I,,eat,,AV|B|C|E|RV|S|V,0,root_ghas.html
205,ghuṭ,Guw,,I,,turn,ghuṭita,C|E|S,0,root_ghu_t.html
206,ghuṣ,Guz,,I|IV,,sound,ghuṣṭa,AV|B|C|E|RV|S|V,0,root_ghu_s.html
207,ghūrṇ,GUrR,,I|VI,,waver,ghūrṇita,C|E|S,0,root_ghuur_n.html
208,ghṛ,Gf,,I|III,,drip,ghṛtá,AV|B|RV|S|V,1,root_gh_r.html
209,ghṛṣ,Gfz,,I,,rub,ghṛṣṭa,C|E|RV|S,0,root_gh_r_s.html
210,ghrā,GrA,,I|II|III,,smell,ghrātá,AV|B|C|E|S|V,0,root_ghraa.html
211,cak,cak,,I,,quake,cakita,,0,root_cak.html
212,cakās,cakAs,,II,,shine,,C|E,0,root_cakaas.html
213,cakṣ,cakz,,I|II,,see,,AV|B|C|E|RV|S|V,0,root_cak_s.html
214,cañc,caYc,,I,,dance,,C,0,root_ca_jc.html
215,caṭ,caw,,I,,go,caṭita,C|E,0,root_ca_t.html
216,cat,cat,,I,,hide,cattá,C|RV|V,0,root_cat.html
217,can,can,,,,be pleased,,B|RV|V,0,root_can.html
218,cand,cand,,,,,,,0,root_cand.html
219,cam,cam,,I|V,,sip,cāṃta,B|C|S|V,0,root_cam.html
220,car,car,,I,,move,caritá,AV|B|C|E|RV|S|V,0,root_car.html
221,carc,carc,,,,repeat,,C|E|S,0,root_carc.html
222,carv,carv,,IV,,chew,carvita,C|S,0,root_carv.html
223,cal,cal,,I,,stir,calita,AV|B|C|E|RV|S|V,0,root_cal.html
224,cāy,cAy,,I,,"note, observe",citá,AV|B|C|RV|V,0,root_caay.html
225,ci,ci,1,I|II|V,,gather,citá,AV|B|C|E|RV|S|V,0,root_1_ci.html
226,ci,ci,2,I|III|V,,"note, observe",citá,AV|B|C|E|RV|V,0,root_2_ci.html
227,cit,cit,,I,,"perceive, know, appear",cittá,AV|B|C|E|RV|S|V,0,root_cit.html
228,cint,cint,,,,think,,B|C|E,0,root_cint.html
229,cud,cud,,I,,impel,cudita,B|C|E|RV|S|V,0,root_cud.html
230,cup,cup,,I,,stir,cupita,B|V,0,root_cup.html
231,cumb,cumb,,I,,kiss,cumbita,C|E|S,0,root_cumb.html
232,cur,cur,,,,steal,,C|E,0,root_cur.html
233,culump,culump,,,,suck in,,,0,root_culump.html
234,cūṣ,cUz,,IV,,"draw, suck",,C|E,0,root_cuu_s.html
235,cṛt,cft,,I|VI,,bind,cṛttá,B|S|V,0,root_c_rt.html
236,ceṣṭ,cezw,,I,,stir,ceṣṭita,AV|B|C|E|S,0,root_ce_s_t.html
237,cyu,cyu,,I,,"move, stir",cyutá,AV|B|E|RV|V,0,root_cyu.html
238,cyut,cyut,,I,,drip,,S,0,root_cyut.html
239,chad,Cad,,I,,cover,channa,B|C|E|S|V,0,root_chad.html
240,chand,Cand,,I|II,,"seem, please",,B|C|E|RV|S|V,1,root_chand.html
241,chā,CA,,,,cut up,chāta,AV|B|C|S,0,root_chaa.html
242,chid,Cid,,VII,,cut off,chinná,AV|B|C|E|RV|S|V,0,root_chid.html
243,chuṭ,Cuw,,,,wrench,,C,1,root_chu_t.html
244,chur,Cur,,,,scatter,,C|E|S,0,root_chur.html
245,chṛd,Cfd,,I|VII,,"spue, eject",chṛṇṇá,B|C|S,0,root_ch_rd.html
246,jakṣ,jakz,1,I|II,,eat,,AV|B|C|S|V,0,root_1_jak_s.html
247,jakṣ,jakz,2,II,,laugh,,RV,0,root_2_jak_s.html
248,jagh,jaG,,V,,"eat, devour",,,0,root_jagh.html
249,jan,jan,,I|II|III|IV,,"give birth, be born",jātá,AV|B|C|E|RV|S|V,1,root_jan.html
250,jap,jap,,I,,whisper,japita,B|C|E|S,0,root_jap.html
251,jam,jam,,I,,,,,0,root_jam.html
252,jambh,jamB,,I,,"chew up, crush",jabdha,AV|B|S|V,1,root_jambh.html
253,jar,jar,,,,,,,0,root_jar.html
254,jalp,jalp,,I,,"murmur, speak",jalpita,B|C|E|V,0,root_jalp.html
255,jas,jas,,I|IV,,be exhausted,,B|E|RV|V,0,root_jas.html
256,jah,jah,,,,,,,0,root_jah.html
257,jā,jA,,,,,,,0,root_jaa.html
258,ji,ji,1,I|II,,conquer,jitá,AV|B|C|E|RV|S|V,0,root_1_ji.html
259,ji,ji,2,I|V,,quicken,jinvitá,B|RV|S|V,1,root_2_ji.html
260,jīv,jIv,,I,,live,jīvitá,AV|B|C|E|S|V,0,root_jiiv.html
261,jur,jur,,,,,,,0,root_jur.html
262,juṣ,juz,,II|VI,,enjoy,júṣṭa,AV|B|C|E|RV|S|V,0,root_ju_s.html
263,jū,jU,,I|IX,,be swift,jūtá,B|C|E|RV|V,0,root_juu.html
264,jūrv,jUrv,,I,,consume,,S,0,root_juurv.html
265,jṛ,jf,1,I|IV|VI,,waste away,jīrṇá,AV|B|C|RV|V,1,root_j_r.html
266,jṛ,jf,2,I,,sing,,RV|S|V,0,root_2_j_r.html
267,jṛmbh,jfmB,,I,,gape,jṛmbhita,B|C|E|V,0,root_j_rmbh.html
268,jeh,jeh,,I,,"loll, pant",,V,0,root_jeh.html
269,jñā,jYA,,I|IX,,know,jñātá,AV|B|C|E|RV|V,0,root_j_jaa.html
270,jyā,jyA,,IV|IX,,"overpower, injure",jītá,AV|B|E|RV|S|V,1,root_jyaa.html
271,jyut,jyut,,I,,shine,,AV|B|E|S|V,0,root_jyut.html
272,jri,jri,,I,,go,,RV,0,root_jri.html
273,jvar,jvar,,I,,be hot,,AV|C|RV,0,root_jvar.html
274,jval,jval,,I,,"burn, flame",jvalita,B|C|E|S,0,root_jval.html
275,jhaṭ,Jaw,,,,confuse,,C,0,root_jha_t.html
276,jhaṇ,JaR,,,,sound,,,0,root_jha_n.html
277,jhar,Jar,,I,,fall,,C|E,0,root_jhar.html
278,ṭaṅk,waNk,,I,,cover,ṭaṅkita,E,0,root__ta_gk.html
279,ṭal,wal,,I,,be confused,,C,0,root__tal.html
280,ṭīk,wIk,,I,,trip,,C,0,root__tiik.html
281,ṭup,wup,,,,swell,,E,0,root__tup.html
282,ḍam,qam,,,,sound,,C,0,root__dam.html
283,ḍamb,qamb,,I,,mock,,C,0,root__damb.html
284,ḍī,qI,,I|IV,,fly,ḍīna,C|E,0,root__dii.html
285,ḍval,qval,,,,mix,,C,0,root__dval.html
286,ḍhauk,QOk,,I,,approach,ḍhaukita,C|E,0,root__dhauk.html
287,taṃs,taMs,,I,,shake,,AV|B|C|E|RV|S|V,1,root_ta_ms.html
288,tak,tak,,I|II,,rush,taktá,AV|B|C|RV|V,0,root_tak.html
289,takṣ,takz,,I|II|V,,fashion,taṣṭá,AV|B|C|E|RV|S|V,0,root_tak_s.html
290,tañc,taYc,,VII,,coagulate,takta,AV|B|E|S,1,root_ta_jc.html
291,taṭ,taw,,,,clatter,,,0,root_ta_t.html
292,taḍ,taq,,II,,beat,,AV|C|E|V,0,root_ta_d.html
293,tan,tan,1,VIII,,stretch,tatá,AV|B|C|E|RV|S|V,1,root_1_tan.html
294,tan,tan,2,IV,,roar,,RV|V,0,root_2_tan.html
295,tand,tand,,I,,be weary,,AV|E|V,0,root_tand.html
296,tap,tap,,I|IV,,heat,taptá,AV|B|C|E|RV|S|V,0,root_tap.html
297,tam,tam,,IV,,faint,tāṃtá,AV|B|C|E|RV|S|V,0,root_tam.html
298,tark,tark,,,,think,,B|C|E|S,0,root_tark.html
299,tarj,tarj,,I,,threaten,tarjita,C|E|S,0,root_tarj.html
300,tas,tas,,,,,,,0,root_tas.html
301,tā,tA,,,,,,,0,root_taa.html
302,tāy,tAy,,I,,stretch,,,0,root_taay.html
303,tāv,tAv,,I,,,,,0,root_taav.html
304,ti,ti,,V,,crush,,,0,root_ti.html
305,tij,tij,,I,,be sharp,tiktá,AV|B|C|E|RV|S|V,0,root_tij.html
306,tim,tim,,IV,,be quiet,timita,E,0,root_tim.html
307,tir,tir,,,,,,,0,root_tir.html
308,til,til,,,,,,,0,root_til.html
309,tu,tu,,II,,be strong,,B|RV|S|V,0,root_tu.html
310,tuc,tuc,,,,"impel, generate",,RV|V,0,root_tuc.html
311,tuj,tuj,,I|VI|VII,,"urge, thrust",,C|E|RV|V,0,root_tuj.html
312,tud,tud,,VI|VII,,"push, thrust",tunná,AV|B|C|E|RV|S|V,0,root_tud.html
313,tur,tur,,,,,,,0,root_tur.html
314,turv,turv,,I,,overcome,,RV,1,root_turv.html
315,tul,tul,,I,,"lift, weigh",,B|C|E|S,0,root_tul.html
316,tuś,tuS,,I,,drip,,RV|V,0,root_tuz.html
317,tuṣ,tuz,,IV,,be content,tuṣṭa,C|E|S|V,0,root_tu_s.html
318,tūrv,tUrv,,,,,,,0,root_tuurv.html
319,tṛ,tf,,I|III|IV|VI|VIII,,pass,tīrṇá,AV|B|C|E|RV|S|V,1,root_t_r.html
320,tṛd,tfd,,I|VII,,"split, bore",tṛṇṇá,AV|B|C|E|RV|S|V,0,root_t_rd.html
321,tṛp,tfp,,I|IV|V|VI,,be pleased,tṛptá,AV|B|C|E|RV|S|V,0,root_t_rp.html
322,tṛṣ,tfz,,IV,,be thirsty,tṛṣitá,AV|B|C|E|RV|V,0,root_t_r_s.html
323,tṛh,tfh,,VI|VII,,crush,tṛḍhá,AV|B|RV|S|V,0,root_t_rh.html
324,tyaj,tyaj,,I,,forsake,tyaktá,B|C|E|RV|S|V,0,root_tyaj.html
325,trap,trap,,I,,be abashed,,AV|B|C|E|S|V,0,root_trap.html
326,tras,tras,,I|IV,,be terrified,trastá,AV|B|C|E|S|V,0,root_tras.html
327,trā,trA,,II|IV,,rescue,trāta,AV|B|C|E|RV|S|V,0,root_traa.html
328,truṭ,truw,,IV|VI,,come to pieces,,C|E,0,root_tru_t.html
329,tvakṣ,tvakz,,I|II,,fashion,,C|RV|V,0,root_tvak_s.html
330,tvaṅg,tvaNg,,I,,leap,,,0,root_tva_gg.html
331,tvac,tvac,,,,cover,,RV|V,0,root_tvac.html
332,tvar,tvar,,I,,hasten,,AV|B|C|E|S,0,root_tvar.html
333,tviṣ,tviz,,I|II|IV|VI,,be stirred up,tviṣitá,B|C|RV|S|V,0,root_tvi_s.html
334,tsar,tsar,,I,,approach stealthily,,B|C|S|V,0,root_tsar.html
335,daṃś,daMS,,I,,bite,daṣṭá,AV|B|C|E|RV|S|V,1,root_da_mz.html
336,daṃs,daMs,,,,be wondrous,,B|RV|S|V,0,root_da_ms.html
337,dakṣ,dakz,,I,,be able,,B|RV|V,0,root_dak_s.html
338,dagh,daG,,V,,reach to,,B|S|V,0,root_dagh.html
339,dad,dad,,,,,,,0,root_dad.html
340,dadh,daD,,,,,,,0,root_dadh.html
341,dan,dan,,,,straighten,,RV,0,root_dan.html
342,dabh,daB,,I|V,,harm,,AV|B|C|E|RV|S|V,1,root_dabh.html
343,dam,dam,,IV,,control,,B|E|RV|S|V,0,root_dam.html
344,day,day,,I,,share,,E|S|V,0,root_day.html
345,daridrā,daridrA,,,,,,,0,root_daridraa.html
346,dal,dal,,I,,burst,,B|C|E,0,root_dal.html
347,das,das,,I|IV,,waste,,AV|B|RV|S|V,1,root_das.html
348,dah,dah,,I|II|IV,,burn,dagdhá,AV|B|C|E|RV|S|V,0,root_dah.html
349,dā,dA,1,I|II|III|IV,,give,-,AV|B|C|E|RV|S|V,1,root_1_daa.html
350,dā,dA,2,I|VI,,"divide, share",diná,AV|B|C|RV|S|V,0,root_2_daa.html
351,dā,dA,3,,II|VI,bind,,AV|C|RV|S|V,1,root_3_daa.html
352,dā,dA,4,,IV,clear,dāta,C|E,0,root_4_daa.html
353,dāś,dAS,,I|II|V,,make offering,,AV|B|RV|V,0,root_daaz.html
354,dās,dAs,,,,,,,0,root_daas.html
355,div,div,,,,play,,RV|V,0,root_div.html
356,diś,diS,,III|IV|VI,,point,diṣṭá,AV|B|C|E|RV|S|V,0,root_diz.html
357,dih,dih,,II,,smear,digdhá,AV|B|C|E|RV|S|V,0,root_dih.html
358,dī,dI,1,IV,,fly,,B|RV|V,0,root_1_dii.html
359,dī,dI,2,,,shine,,AV|B|RV|S|V,1,root_2_dii.html
360,dīkṣ,dIkz,,I,,be consecrated,dīkṣitá,AV|B|C|E|S,0,root_diik_s.html
361,dīdhī,dIDI,,,,,,,0,root_diidhii.html
362,dīp,dIp,,IV,,shine,dīpta,AV|B|C|E|RV|S|V,0,root_diip.html
363,dīv,dIv,1,IV,,play,dyūtá,AV|B|C|E|RV|V,0,root_1_diiv.html
364,dīv,dIv,2,I,,lament,,B|C|E,0,root_2_diiv.html
365,du,du,,V,,burn,dūná,AV|B|C|E|RV|S,1,root_du.html
366,dudh,duD,,,,stir up,dúdhita,C|RV,0,root_dudh.html
367,dul,dul,,,,raise,,E,0,root_dul.html
368,duṣ,duz,,IV,,spoil,duṣṭa,AV|B|C|E|S|V,0,root_du_s.html
369,duh,duh,,II|IV|VI,,"milk, derive",dugdhá,AV|B|C|E|RV|S|V,0,root_duh.html
370,dū,dU,,,,,,B|V,0,root_duu.html
371,dṛ,df,1,II|IX,,"pierce, split",dīrṇá,AV|B|C|E|RV|S|V,0,root_1_d_r.html
372,dṛ,df,2,,,heed,dṛta,B|C|E|RV|S|V,0,root_2_d_r.html
373,dṛp,dfp,,I|IV,,rave,,C|E|RV|V,0,root_d_rp.html
374,dṛbh,dfB,,I|VI,,bunch,,B|RV|S|V,0,root_d_rbh.html
375,dṛś,dfS,,IV,,see,dṛṣṭá,AV|B|C|E|RV|S|V,0,root_d_rz.html
376,dṛh,dfh,,I|IV|VI,,make firm,dṛḍhá,AV|B|RV|S|V,1,root_d_rh.html
377,dev,dev,,,,,,,0,root_dev.html
378,dyu,dyu,,,,attack,,,0,root_dyu.html
379,dyut,dyut,,I,,shine,dyuttá,AV|B|C|E|RV|V,0,root_dyut.html
380,dram,dram,,,,run,,,0,root_dram.html
381,drā,drA,1,II,,run,drāṇa,AV|B|C|V,0,root_1_draa.html
382,drā,drA,2,II|IV,,sleep,drāṇa,AV|B|C|E|V,0,root_2_draa.html
383,drāḍ,drAq,,,,split,,C,0,root_draa_d.html
384,dru,dru,,I,,run,drutá,B|C|E|RV|S|V,0,root_dru.html
385,druh,druh,,IV,,be hostile,drugdhá,AV|B|C|E|RV|V,0,root_druh.html
386,drū,drU,,IX,,hurl,,,0,root_druu.html
388,dviṣ,dviz,,II|VI,,hate,dviṣṭa,AV|B|C|E|RV|S|V,0,root_dvi_s.html
389,dhan,Dan,,I|III,,run,,RV|S,0,root_dhan.html
390,dhanv,Danv,,I,,run,,B|RV|V,0,root_dhanv.html
391,dham,Dam,,I|II,,blow,,AV|B|C|E|RV|V,1,root_dham.html
392,dhav,Dav,,I,,flow,,RV,0,root_dhav.html
393,dhā,DA,1,I|II|III|IV,,put,hitá,AV|B|C|E|RV|S|V,1,root_1_dhaa.html
394,dhā,DA,2,,IV,suck,dhītá,AV|B|C|RV|S|V,0,root_2_dhaa.html
395,dhāv,DAv,1,I,,run,dhāvita,B|C|E|RV|V,0,root_1_dhaav.html
396,dhāv,DAv,2,I,,rinse,dhautá,B|C|E|RV|V,0,root_2_dhaav.html
397,dhi,Di,,V,,,,B,1,root_dhi.html
398,dhī,DI,,II,III,think,dhītá,B|RV|V,1,root_dhii.html
399,dhukṣ,Dukz,,I,,kindle,,C|E|S,0,root_dhuk_s.html
400,dhū,DU,,II|V|VI|IX,,shake,dhūtá,AV|B|C|E|RV|S|V,1,root_dhuu.html
401,dhūrv,DUrv,,I,,injure,,V,0,root_dhuurv.html
402,dhṛ,Df,,I,,hold,dhṛtá,AV|B|C|E|RV|S|V,0,root_dh_r.html
403,dhṛṣ,Dfz,,I|V,II,dare,dhṛṣṭá,AV|B|C|E|RV|S|V,0,root_dh_r_s.html
404,dhmā,DmA,,,,,,,0,root_dhmaa.html
405,dhyā,DyA,,II|IV,,think,dhyāta,B|C|E|S|V,0,root_dhyaa.html
406,dhraj,Draj,,I,,sweep,,B|RV|V,1,root_dhraj.html
407,dhvaṃs,DvaMs,,I,,scatter,,B|C|E|RV|S|V,1,root_dhva_ms.html
408,dhvan,Dvan,,I,,sound,dhvanita,AV|B|C|E|RV|S|V,0,root_dhvan.html
409,dhvṛ,Dvf,,I,,injure,dhūrta,AV|C|E|RV,1,root_dhv_r.html
410,naṃś,naMS,,,,,,,0,root_na_mz.html
411,nakṣ,nakz,,I,,attain,,RV|S|V,0,root_nak_s.html
412,naṭ,naw,,I,,"dance, play",,C|E,0,root_na_t.html
413,nad,nad,,I,,sound,nadita,AV|B|C|E|RV|S|V,0,root_nad.html
414,nand,nand,,I,,rejoice,nandita,AV|B|C|E|RV|V,0,root_nand.html
415,nabh,naB,,I|IV|IX,,burst,,B|RV|S|V,0,root_nabh.html
416,nam,nam,,I,,"bend, bow",natá,AV|B|C|E|RV|S|V,0,root_nam.html
417,nard,nard,,I,,bellow,nardita,B|C|E|S,0,root_nard.html
418,naś,naS,1,I|IV,,be lost,naṣṭá,AV|B|C|E|RV|S|V,0,root_1_naz.html
419,naś,naS,2,I,,attain,,B|RV|S|V,1,root_2_naz.html
420,nas,nas,,I,,unite,,,0,root_nas.html
421,nah,nah,,I|IV,,tie,naddhá,AV|B|C|E|S|V,0,root_nah.html
422,nāth,nAT,,I,,seek aid,nāthitá,B|C|E|RV|V,1,root_naath.html
423,niṃs,niMs,,II,,kiss,,C,0,root_ni_ms.html
424,nikṣ,nikz,,I,,pierce,,AV|C|RV|S,0,root_nik_s.html
425,nij,nij,,II|III,,wash,niktá,AV|B|C|E|S|V,0,root_nij.html
426,nind,nind,,I,,revile,ninditá,AV|C|E|RV|S|V,1,root_nind.html
427,nī,nI,,I|II,III,lead,nītá,AV|B|C|E|RV|S|V,0,root_nii.html
428,nīḍ,nIq,,,,nest,,RV|V,0,root_nii_d.html
429,nu,nu,1,I|II|VI,,praise,nuta,B|C|E|RV|S|V,1,root_1_nu.html
430,nu,nu,2,I|II,,move,,,0,root_2_nu.html
431,nud,nud,,VI,,push,nuttá,B|C|E|RV|S|V,0,root_nud.html
432,nṛ,nf,,,,sport,,AV|B|E|V,0,root_n_r.html
433,nṛt,nft,,IV,,dance,nṛttá,AV|B|C|E|RV|S|V,0,root_n_rt.html
434,ned,ned,,I,,flow,,B,0,root_ned.html
435,pac,pac,,I|IV,,cook,,AV|B|C|E|RV|S|V,0,root_pac.html
436,paj,paj,,I,,start,,B|S|V,0,root_paj.html
437,paṭ,paw,,I,,tear,,B|C|E,0,root_pa_t.html
438,paṭh,paW,,I,,read,paṭhita,C|E|S,0,root_pa_th.html
439,paṇ,paR,,I,,bargain,paṇita,AV|B|C|E|V,0,root_pa_n.html
440,pat,pat,1,I,,"fly, fall",patitá,AV|B|C|E|RV|S|V,0,root_1_pat.html
441,pat,pat,2,IV,,rule,,V,0,root_2_pat.html
442,path,paT,,I,,go,,B|V,0,root_path.html
443,pad,pad,,II|IV,,go,panná,AV|B|C|E|RV|S|V,0,root_pad.html
444,pan,pan,,I,,admire,panitá,B|RV|S|V,0,root_pan.html
445,pard,pard,,I,,fart,,,0,root_pard.html
446,paś,paS,1,IV,,see,spaṣṭa,AV|B|C|RV|S|V,1,root_1_paz.html
447,paś,paS,2,,,bind,,V,0,root_2_paz.html
448,pā,pA,1,I|II|III,,drink,pītá,AV|B|C|E|RV|S|V,0,root_1_paa.html
449,pā,pA,2,II,,protect,,AV|B|C|RV|V,0,root_2_paa.html
450,pā,pA,3,,,rise against,,,0,root_3_paa.html
451,pāy,pAy,,I,,to void excrement,,B,0,root_paay.html
452,pi,pi,,I|V,II|III,"swell, fatten",,AV|B|E|RV|V,1,root_pi.html
453,pinv,pinv,,I,,fatten,,B|RV|S|V,0,root_pinv.html
454,pibd,pibd,,I,,be firm,,V,0,root_pibd.html
455,piś,piS,,VI,,adorn,piṣṭá,AV|B|RV|V,0,root_piz.html
456,piṣ,piz,,VI|VII,,crush,piṣṭá,AV|B|C|E|RV|S|V,0,root_pi_s.html
457,pis,pis,,IV,,stretch,,,0,root_pis.html
458,pī,pI,1,,,,,,0,root_1_pii.html
459,pī,pI,2,,,,,,0,root_2_pii.html
460,pīḍ,pIq,,,,press,,AV|B|C|E|S,0,root_pii_d.html
461,pīy,pIy,,I,,abuse,,AV|B|RV|V,0,root_piiy.html
462,puṭ,puw,,VI,,scale,,B|C,0,root_pu_t.html
463,puth,puT,,,,crush,,E|S,0,root_puth.html
464,puṣ,puz,,I|IV|IX,,thrive,,AV|B|C|E|RV|S|V,0,root_pu_s.html
465,pū,pU,,I|IX,,cleanse,pūtá,AV|B|C|E|RV|S|V,0,root_puu.html
466,pūj,pUj,,I,,reverence,,C|E|RV|S,0,root_puuj.html
467,pūy,pUy,,I,,stink,,AV|B|S,0,root_puuy.html
468,pūr,pUr,,,,,,,0,root_puur.html
469,pṛ,pf,1,III|IV|V|VI|IX,,fill,pūrṇá,AV|B|C|E|RV|S|V,1,root_1_p_r.html
470,pṛ,pf,2,I|II|III,,pass,,B|C|E|RV|S|V,0,root_2_p_r.html
471,pṛ,pf,3,V,,be busy,pṛta,B|E|RV,0,root_3_p_r.html
472,pṛc,pfc,,I|III|VII,,mix,pṛktá,AV|B|E|RV|S|V,0,root_p_rc.html
473,pṛṇ,pfR,,,,,,,0,root_p_r_n.html
474,pṛt,pft,,,,fight,,RV|V,0,root_p_rt.html
475,pṛś,pfS,,,,,,B|RV|V,1,root_p_rz.html
476,pyā,pyA,,IV,,fill up,pyāta,AV|B|C|E|RV|V,0,root_pyaa.html
477,prach,praC,,VI,,ask,pṛṣṭá,AV|B|C|E|RV|V,0,root_prach.html
478,prath,praT,,I,,spread,prathita,B|C|E|RV|S|V,0,root_prath.html
479,prā,prA,,II,,fill,prātá,AV|B|RV|S|V,0,root_praa.html
480,prī,prI,,IV|IX,,please,prītá,B|C|E|RV|S|V,0,root_prii.html
481,pru,pru,,I,,flow,,B|RV|V,0,root_pru.html
482,pruth,pruT,,I,,snort,,B|RV|S|V,0,root_pruth.html
483,pruṣ,pruz,,IV|V|VI|IX,,sprinkle,,AV|B|RV|V,0,root_pru_s.html
484,plī,plI,,,,,,,0,root_plii.html
485,plu,plu,,I,II,float,plutá,AV|B|C|E|S|V,0,root_plu.html
486,pluṣ,pluz,,I,,,pluṣṭa,B|C|E|V,0,root_plu_s.html
487,psā,psA,,II,,devour,,AV|B|C,0,root_psaa.html
488,phakk,Pakk,,I,,swell,,,0,root_phakk.html
489,phaṇ,PaR,,I,,spring,,B|RV|V,0,root_pha_n.html
490,phar,Par,,,,scatter,,B|RV|V,0,root_phar.html
491,phal,Pal,1,I,,brust,phalita,B|C|E|V,0,root_1_phal.html
492,phal,Pal,2,I,,fruit,phalita,E|V,0,root_2_phal.html
493,baṃh,baMh,,I,,make firm,,C|S|V,0,root_ba_mh.html
494,bandh,banD,,I|IX,,bind,baddhá,AV|B|C|E|S|V,0,root_bandh.html
495,bal,bal,,,,whirl,,AV|B|S|V,0,root_bal.html
496,bādh,bAD,,I,,oppress,bādhitá,AV|B|C|E|RV|S|V,0,root_baadh.html
497,budh,buD,,I|IV,,"know, wake",buddhá,AV|B|C|E|RV|S|V,0,root_budh.html
498,bul,bul,,,,submerge,,C,0,root_bul.html
499,bṛṃh,bfMh,,,,roar,,,1,root_b_r_mh.html
500,bṛh,bfh,1,I|VI,,make big or strong,bṛḍha,AV|B|C|E|RV|S|V,0,root_1_b_rh.html
501,bṛh,bfh,2,,,tear,,,1,root_2_b_rh.html
502,brū,brU,,II|VI,,say,,AV|E|V,0,root_bruu.html
503,blī,blI,,,,,,,0,root_blii.html
504,bhakṣ,Bakz,,I,,"partake of, eat",,B|C|E|S|V,0,root_bhak_s.html
505,bhaj,Baj,,I|II,,"divide, share",bhaktá,AV|B|C|E|RV|S|V,0,root_bhaj.html
506,bhañj,BaYj,,VII,,break,bhagna,AV|C|E|RV|S|V,0,root_bha_jj.html
507,bhaṭ,Baw,,,,hire,,C|E,0,root_bha_t.html
508,bhaṇ,BaR,,I,,speak,bhaṇita,C,0,root_bha_n.html
509,bhan,Ban,,I,,speak,,,0,root_bhan.html
510,bhand,Band,,I,,be bright,,B|S|V,0,root_bhand.html
511,bharts,Barts,,I,,revile,,AV|E|S,0,root_bharts.html
512,bharv,Barv,,I,,devour,,RV,0,root_bharv.html
513,bhal,Bal,,I,,perceive,,,0,root_bhal.html
514,bhaṣ,Baz,,I,,bark,,C|E,0,root_bha_s.html
515,bhas,Bas,,III,I,devour,bhasita,B|C|E|RV|S|V,0,root_bhas.html
516,bhā,BA,,II,,shine,bhāta,B|C|E|S|V,0,root_bhaa.html
517,bhām,BAm,,I,,be angry,bhāmitá,B|RV|V,0,root_bhaam.html
518,bhāṣ,BAz,,I,,speak,bhāṣita,B|C|E|S,0,root_bhaa_s.html
519,bhās,BAs,,I,,shine,bhāsita,AV|B|C|E|RV,0,root_bhaas.html
520,bhikṣ,Bikz,,I,,beg,bhikṣita,B|C|E|S|V,0,root_bhik_s.html
521,bhid,Bid,,VII,,split,bhinná,B|C|E|RV|S|V,0,root_bhid.html
522,bhiṣaj,Bizaj,,II,VII,heal,,B|RV|V,0,root_bhi_saj.html
523,bhī,BI,,I|III,,fear,bhītá,AV|B|C|E|RV|S|V,1,root_bhii.html
524,bhuj,Buj,1,VI,,bend,,AV|B|E|RV|S|V,0,root_1_bhuj.html
525,bhuj,Buj,2,VII,I,enjoy,bhukta,AV|B|C|E|RV|S|V,0,root_2_bhuj.html
526,bhur,Bur,,VI,,quiver,,RV|S|V,0,root_bhur.html
527,bhuraj,Buraj,,,,roast,,,0,root_bhuraj.html
528,bhū,BU,,I,,be,bhūtá,AV|B|C|E|RV|S|V,0,root_bhuu.html
529,bhūṣ,BUz,,I,,"attend upon, adorn",,C|E|RV|V,0,root_bhuu_s.html
530,bhṛ,Bf,,I|II|III,,bear,bhṛtá,AV|B|C|E|RV|S|V,0,root_bh_r.html
531,bhṛjj,Bfjj,,IV|VI,,roast,bhṛṣṭa,B|C|S|V,0,root_bh_rjj.html
532,bhyas,Byas,,I,,fear,,AV|RV,0,root_bhyas.html
533,bhraṃś,BraMS,,I|IV,,fall,bhraṣṭá,AV|B|C|E|RV|S|V,1,root_bhra_mz.html
534,bhram,Bram,,I|IV,,wander,bhrāṃta,AV|B|C|E|RV|S|V,0,root_bhram.html
535,bhrāj,BrAj,,I,,shine,,AV|B|C|E|RV|S|V,0,root_bhraaj.html
536,bhrī,BrI,,IX,,consume,,,0,root_bhrii.html
537,bhreṣ,Brez,,I,,totter,,B,0,root_bhre_s.html
538,maṃh,maMh,,I,,"be great, be liberal, bestow",mahitá,AV|B|C|E|RV|S|V,1,root_ma_mh.html
539,majj,majj,,I,,sink,magna,AV|B|C|E|RV|S|V,0,root_majj.html
540,mañc,maYc,,I,,purify,,C|E,0,root_ma_jc.html
541,maṇ,maR,,,,sound,,,0,root_ma_n.html
542,maṇṭ,maRw,,,,,,,1,root_ma_n_t.html
543,maṇḍ,maRq,,I,,deck,,C|E|S,0,root_ma_n_d.html
544,math,maT,,I|IX,,shake,mathitá,AV|B|C|E|RV|S|V,1,root_math.html
545,mad,mad,,I|II|III|IV,,"be exhilarated, exhilarate",mattá,AV|B|C|E|RV|S|V,1,root_mad.html
546,man,man,,III|IV|VIII,,think,matá,AV|B|C|E|RV|S|V,0,root_man.html
547,mah,mah,,,,,,,0,root_mah.html
548,mā,mA,1,II|III|IV,,measure,mitá,AV|B|C|E|RV|S|V,0,root_1_maa.html
549,mā,mA,2,I,,exchange,,AV|C|S,0,root_2_maa.html
550,mā,mA,3,III,,bellow,,B|RV|V,0,root_3_maa.html
551,mārg,mArg,,I,,chase,mārgita,E|S,0,root_maarg.html
553,mi,mi,2,,,damage,,,0,root_2_mi.html
554,mikṣ,mikz,,I|III,,mix,,B|RV|S|V,0,root_mik_s.html
555,migh,miG,,,,,,,0,root_migh.html
556,mith,miT,,I,VI,"alternate, altercate",mithita,B|RV|S|V,0,root_mith.html
557,mid,mid,,,,,,,1,root_mid.html
558,mil,mil,,VI,,combine,milita,B|C,0,root_mil.html
559,miṣ,miz,,VI,,wink,miṣita,B|C|RV|V,0,root_mi_s.html
560,mih,mih,,I,,urinate,mīḍha,AV|B|C|E|RV|S|V,0,root_mih.html
561,mī,mI,,III|IV|V|IX,,damage,mīta,AV|B|C|E|RV|V,1,root_mii.html
562,mīl,mIl,,I,,wink,mīlita,AV|B|C|E|S|V,0,root_miil.html
563,mīv,mIv,,I,,push,,AV|B|S|V,1,root_miiv.html
564,muc,muc,,VI,,release,muktá,AV|B|C|E|RV|V,1,root_muc.html
565,muṭ,muw,,I,,break,,C,0,root_mu_t.html
566,mud,mud,,I,,be merry,mudita,AV|B|C|E|S|V,0,root_mud.html
567,muṣ,muz,,I|VI|IX,,steal,muṣitá,B|C|E|RV|S|V,0,root_mu_s.html
568,muh,muh,,IV,,be crazed,mugdhá,AV|B|C|E|RV|S|V,0,root_muh.html
569,mū,mU,,,,,,,0,root_muu.html
570,mūrch,mUrC,,I,,thicken,mūrchita,AV|B|E|V,1,root_muurch.html
571,mṛ,mf,1,I,,die,mṛtá,AV|B|C|E|RV|S|V,0,root_1_m_r.html
572,mṛ,mf,2,VI|IX,,crush,mūrṇá,AV|B|E|RV|S|V,1,root_2_m_r.html
573,mṛkṣ,mfkz,,I|VI,,stroke,,C|RV|S,0,root_m_rk_s.html
574,mṛc,mfc,,IV,,injure,,B|RV|S|V,0,root_m_rc.html
575,mṛch,mfC,,I,,perish,,,0,root_m_rch.html
576,mṛj,mfj,,I|II|VI|VII,,wipe,mṛṣṭá,AV|B|C|E|RV|S|V,0,root_m_rj.html
577,mṛḍ,mfq,,VI|IX,,,,AV|B|C|RV|S|V,0,root_m_r_d.html
578,mṛṇ,mfR,,,,,,,0,root_m_r_n.html
579,mṛd,mfd,,I|IX,,"rub, crush",mṛditá,AV|B|C|E|RV|S|V,1,root_m_rd.html
580,mṛdh,mfD,,I|VI,,neglect,,B|RV|S|V,0,root_m_rdh.html
581,mṛś,mfS,,VI,,"touch, feel",mṛṣṭá,AV|B|C|E|RV|V,0,root_m_rz.html
582,mṛṣ,mfz,,I|IV,,not heed,mṛṣita,C|E|RV|S|V,0,root_m_r_s.html
584,mokṣ,mokz,,,,,,,0,root_mok_s.html
585,mnā,mnA,,I|II,,note,mnāta,C|S,0,root_mnaa.html
586,myakṣ,myakz,,I,,be situated,,RV,0,root_myak_s.html
587,mrad,mrad,,,,,,,0,root_mrad.html
588,mrit,mrit,,,IV,dissolve,,,1,root_mrit.html
589,mruc,mruc,,I,,set,mrukta,AV|B|C|E|RV|S|V,1,root_mruc.html
590,mreḍ,mreq,,I,,gratify,,C|E|S,0,root_mre_d.html
591,mlā,mlA,,II|IV,,relax,mlātá,AV|B|C|E|RV|S,0,root_mlaa.html
592,mluc,mluc,,,,,,,0,root_mluc.html
593,mlup,mlup,,,,,,,0,root_mlup.html
594,mlech,mleC,,I,,speak barbarously,mlechita,B,0,root_mlech.html
595,yakṣ,yakz,,I,,press on,,E|RV|V,0,root_yak_s.html
596,yach,yaC,,,,,,,0,root_yach.html
597,yaj,yaj,,I|II,,offer,iṣṭá,AV|B|C|E|RV|S|V,0,root_yaj.html
598,yat,yat,,I,,stretch,yatta,AV|B|C|E|RV|S|V,0,root_yat.html
599,yabh,yaB,,I,,fuck,,AV|B|C,0,root_yabh.html
600,yam,yam,,I|II,,reach,yatá,AV|B|C|E|RV|S|V,1,root_yam.html
601,yas,yas,,I|III|IV,,be heated,yastá,AV|B|C|E|S|V,1,root_yas.html
602,yah,yah,,,,,,RV|V,0,root_yah.html
603,yā,yA,,II,,go,yātá,AV|B|C|E|RV|S|V,0,root_yaa.html
604,yāc,yAc,,I,,ask,yācitá,AV|B|C|E|RV|S|V,0,root_yaac.html
605,yād,yAd,,I,,unite,,B|RV,0,root_yaad.html
606,yu,yu,1,II|VI|IX,,unite,yutá,AV|B|C|E|RV|S|V,0,root_1_yu.html
607,yu,yu,2,I|III|VI,,separate,,AV|B|C|RV|S|V,1,root_2_yu.html
608,yuj,yuj,,II|VII,VI,join,yuktá,AV|B|C|E|RV|S|V,0,root_yuj.html
609,yudh,yuD,,I|II|IV,,fight,yuddhá,AV|B|C|E|RV|V,0,root_yudh.html
610,yup,yup,,IV,,obstruct,yupitá,AV|B|V,0,root_yup.html
611,yeṣ,yez,,,,,,,0,root_ye_s.html
612,raṃh,raMh,,I,,hasten,raṃhita,AV|B|C|E|RV|S|V,0,root_ra_mh.html
613,rakṣ,rakz,,I,,protect,rakṣitá,AV|B|C|E|RV|S|V,0,root_rak_s.html
614,raṅg,raNg,,I,,rock,,,0,root_ra_gg.html
615,rac,rac,,,,procuce,,C|E,0,root_rac.html
616,raj,raj,1,,,direct,,,0,root_1_raj.html
617,raj,raj,2,I|IV,,color,raktá,AV|B|C|E|RV|V,1,root_2_raj.html
618,rañch,raYC,,,,mark,,C,0,root_ra_jch.html
619,raṭ,raw,,I,,howl,raṭita,C|E|S,0,root_ra_t.html
620,raṇv,raRv,,I,,delight,,,0,root_ra_nv.html
621,rad,rad,,I|II,,dig,raditá,AV|B|C|RV|V,0,root_rad.html
622,radh,raD,,II|IV,,be or make subject,raddhá,AV|C|RV|S|V,1,root_radh.html
623,ran,ran,1,I|IV,,take pleasure,,AV|B|RV|S|V,0,root_1_ran.html
624,ran,ran,2,I,,ring,,C,0,root_2_ran.html
625,rap,rap,,I,,chatter,,AV|RV|S|V,0,root_rap.html
626,rapś,rapS,,I,,be full,,B|RV|S|V,0,root_rapz.html
627,raph,raP,,,,miserable,,,0,root_raph.html
628,rabh,raB,,I,,take hold,rabdhá,B|C|E|RV|S|V,1,root_rabh.html
629,ram,ram,,I|IX,,be or make content,ratá,AV|B|C|E|RV|S|V,0,root_ram.html
630,ramb,ramb,,I,,hang down,,B|RV,0,root_ramb.html
631,rambh,ramB,,I,,roar,,C,0,root_rambh.html
632,raś,raS,,,,,,RV|V,0,root_raz.html
633,ras,ras,,I,,roar,,B|C|E,0,root_ras.html
634,rah,rah,,I,,desert,rahita,B|C|E|RV|S,0,root_rah.html
635,rā,rA,1,I|II|III,,give,rātá,AV|B|C|RV|S|V,1,root_1_raa.html
636,rā,rA,2,IV,,bark,,S|V,0,root_2_raa.html
637,rāj,rAj,,I|II,,be kingly,,AV|B|E|RV|S|V,0,root_raaj.html
638,rādh,rAD,,V|IV,,succeed,rāddhá,AV|B|C|E|RV|S|V,0,root_raadh.html
639,rās,rAs,1,I,,roar,,B|C|E,0,root_1_raas.html
640,rās,rAs,2,,,,,,0,root_2_raas.html
641,ri,ri,,IV|V|VI|IX,,flow,,B|E|RV|V,1,root_ri.html
642,rikh,riK,,VI,,scratch,,E,0,root_rikh.html
643,riñkh,riYK,,I,,creep,,C,1,root_ri_jkh.html
644,ric,ric,,VII,IV,leave,riktá,B|C|E|RV|V,0,root_ric.html
645,rip,rip,,,,smear,,V,0,root_rip.html
646,riph,riP,,I|VI,,snarl,riphitá,AV|B|S,0,root_riph.html
647,ribh,riB,,I,,sing,,B|C|V,0,root_ribh.html
648,riś,riS,,VI,,tear,,AV|V,0,root_riz.html
649,riṣ,riz,,I|IV,,be hurt,riṣṭá,AV|B|C|E|RV|S|V,0,root_ri_s.html
650,rih,rih,,II,,lick,,AV|B|RV|V,0,root_rih.html
651,rī,rI,,,,,,,0,root_rii.html
652,ru,ru,1,I|II|VI,,cry,rutá,AV|B|C|E|RV|S|V,0,root_1_ru.html
653,ru,ru,2,I|II,,break,rutá,AV|B|V,0,root_2_ru.html
654,ruc,ruc,,I,,shine,rucitá,AV|B|C|E|RV|V,0,root_ruc.html
655,ruj,ruj,,VI,II,break,rugná,AV|B|C|E|RV|V,0,root_ruj.html
656,ruṭh,ruW,,I,,torment,,,0,root_ru_th.html
657,rud,rud,,I|II|VI,,weep,rudita,AV|B|C|E|S|V,0,root_rud.html
658,rudh,ruD,1,I|VI,,grow,,AV|B|V,0,root_1_rudh.html
659,rudh,ruD,2,I|II|VII,VI,obstruct,ruddhá,AV|B|C|E|RV|S|V,0,root_2_rudh.html
660,rup,rup,,IV,,"break, pain",rupita,AV|RV,0,root_rup.html
661,ruṣ,ruz,,I|IV|VI,,be vexed,ruṣita,AV|C|E|RV|S,0,root_ru_s.html
662,ruh,ruh,,I|VI,,ascend,rūḍhá,AV|B|C|E|RV|S|V,0,root_ruh.html
663,rūṣ,rUz,,,,strew,rūṣita,C|E|V,0,root_ruu_s.html
664,rej,rej,,I,,tremble,,S|V,0,root_rej.html
665,reḍ,req,,I,,deceive,,B|S,0,root_re_d.html
666,rebh,reB,,,,,,,0,root_rebh.html
667,lakṣ,lakz,,I,,mark,,B|C|E|S|V,0,root_lak_s.html
668,lag,lag,,I,,attach,lagna,C|E,0,root_lag.html
669,laṅgh,laNG,,I,,leap,,C|E|S,0,root_la_ggh.html
670,lajj,lajj,,VI,,be ashamed,lajjita,C|E|S,0,root_lajj.html
671,laḍ,laq,,I,,move about,,,0,root_la_d.html
672,lap,lap,,I|IV,,prate,lapitá,AV|B|C|E,0,root_lap.html
673,labh,laB,,I,,take,labdha,AV|B|C|E|RV|S|V,0,root_labh.html
674,lam,lam,,,,take pleasure,,S,0,root_lam.html
675,lamb,lamb,,I,,hang down,lambita,B|C|E,0,root_lamb.html
676,lal,lal,,I,,sport,lalita,C|E|S,0,root_lal.html
677,laṣ,laz,,I|IV,,desire,laṣitá,C|E|S,0,root_la_s.html
678,las,las,,I,,be lively,,B|C|E|S,0,root_las.html
679,lā,lA,,II,,grasp,,,0,root_laa.html
680,lāñch,lAYC,,,,mark,,C,0,root_laa_jch.html
681,likh,liK,,VI,,scratch,likhitá,AV|B|C|E|S,0,root_likh.html
682,lip,lip,,VI,,smear,lipta,AV|B|C|E|S,1,root_lip.html
683,liś,liS,,IV|VI,,tear,liṣṭá,B|E|V,0,root_liz.html
684,lih,lih,,II|VI,,lick,līḍha,B|C|E|S,0,root_lih.html
685,lī,lI,1,I|IV|IX,,cling,līna,AV|B|C|E|RV|S|V,0,root_1_lii.html
686,lī,lI,2,,,be unsteady,,B|S,0,root_2_lii.html
687,luñc,luYc,,I,,tear,luñcita,C|E,0,root_lu_jc.html
688,luṭh,luW,1,VI,,roll,luṭhita,C|S,0,root_1_lu_th.html
689,luṭh,luW,2,I,,rob,luṇṭhitum,C|S,1,root_2_lu_th.html
690,luḍ,luq,,I,,stir up,,C|E|S,0,root_lu_d.html
691,lup,lup,,VI,,break,lupta,AV|B|C|E|S,0,root_lup.html
692,lubh,luB,,I|IV|VI,,be lustful,lubdha,AV|B|C|E|S|V,0,root_lubh.html
693,lul,lul,,I,,be lively,lulita,C|E,0,root_lul.html
694,lū,lU,,V|IX,,cut,lūna,B|C|S,0,root_luu.html
695,lok,lok,,I,,look,,C|E|S,0,root_lok.html
696,loc,loc,,I,,"see, consider",,C|E,0,root_loc.html
697,vak,vak,,,,,,,0,root_vak.html
698,vakṣ,vakz,,VI,,increase,ukṣitá,RV|V,1,root_vak_s.html
699,vac,vac,,II|III,,speak,uktá,AV|B|C|E|RV|S|V,0,root_vac.html
700,vaj,vaj,,I,,be strong,,B|RV|S|V,0,root_vaj.html
701,vañc,vaYc,,I,,move crookedly,,AV|B|C|E|RV|S|V,0,root_va_jc.html
702,vaṇṭ,vaRw,,I,,divide,,,0,root_va_n_t.html
703,vat,vat,,I,,apprehend,,RV,0,root_vat.html
704,vad,vad,,I,,speak,uditá,AV|B|C|E|RV|S|V,0,root_vad.html
705,vadh,vaD,,,I,slay,,AV|B|E|RV|S|V,1,root_vadh.html
706,van,van,,I|VI|VIII,,win,,AV|B|C|E|RV|S|V,1,root_van.html
707,vand,vand,,I,,greet,vanditá,B|C|E|RV|S|V,0,root_vand.html
708,vap,vap,1,I,,strew,uptá,AV|B|C|E|S|V,0,root_1_vap.html
709,vap,vap,2,I,,shear,upta,B|C|S|V,0,root_2_vap.html
710,vam,vam,,I|II,,vomit,vāṃtá,B|C|E|V,0,root_vam.html
711,val,val,,I,,turn,valitá,C|E,0,root_val.html
712,valg,valg,,I,,spring,,AV|C|E|V,0,root_valg.html
713,valh,valh,,I,,challenge,,B|C|S,0,root_valh.html
714,vaś,vaS,,I|II|III|VI,,be eager,,AV|B|C|E|RV|S|V,0,root_vaz.html
715,vas,vas,1,II|VI,,shine,uṣṭá,AV|B|C|E|RV|S|V,1,root_1_vas.html
716,vas,vas,2,II|VI,,clothe,vasita,AV|B|C|E|RV|S|V,0,root_2_vas.html
717,vas,vas,3,I,,dwell,uṣita,AV|B|C|E|RV|S|V,0,root_3_vas.html
718,vah,vah,,I|II,,carry,ūḍhá,AV|B|C|E|RV|S|V,0,root_vah.html
719,vā,vA,1,II|IV,,blow,vāta,AV|B|C|E|S|V,0,root_1_vaa.html
720,vā,vA,2,IV,,weave,utá,B|C|E|RV|S|V,1,root_2_vaa.html
722,vāñch,vAYC,,I,,desire,vāñchita,C|E|S|V,0,root_vaa_jch.html
723,vāś,vAS,,I|IV,,bellow,vāśita,AV|C|E|RV|S|V,0,root_vaaz.html
724,vāh,vAh,,I,,press,,,0,root_vaah.html
725,vic,vic,1,III|VII,,sift,vikta,AV|B|C|E|RV|S|V,0,root_1_vic.html
726,vic,vic,2,,,,,,0,root_2_vic.html
727,vij,vij,,I|VI,,tremble,vikta,B|C|E|RV|V,0,root_vij.html
728,vid,vid,1,I|II|VI,,know,viditá,AV|B|C|E|RV|V,0,root_1_vid.html
729,vid,vid,2,II|VI,,find,vittá,AV|B|C|E|RV|S|V,0,root_2_vid.html
730,vidh,viD,1,VI,,worship,,B|C|V,0,root_1_vidh.html
731,vidh,viD,2,,,,,,0,root_2_vidh.html
732,vindh,vinD,,VI,,lack,,E|V,0,root_vindh.html
733,vip,vip,,I,,tremble,,AV|B|C|E|RV|V,1,root_vip.html
734,viś,viS,,VI,,enter,viṣṭá,AV|B|C|E|RV|S|V,0,root_viz.html
735,viṣ,viz,,I|III,,be active,viṣṭá,AV|B|C|E|RV|S|V,0,root_vi_s.html
736,viṣṭ,vizw,,I,,wrap,viṣṭita,AV|B|C|S|V,1,root_vi_s_t.html
737,vī,vI,,II,,enjoy,,AV|B|E|RV|S|V,0,root_vii.html
738,vīj,vIj,,I,,fan,,C|E|S,1,root_viij.html
739,vīḍ,vIq,,,,make strong,,B|S|V,0,root_vii_d.html
740,vṛ,vf,1,I|V|IX,,cover,vṛtá,AV|B|C|E|RV|S|V,0,root_1_v_r.html
741,vṛ,vf,2,V|IX,,choose,vṛtá,AV|B|C|E|RV|S|V,0,root_2_v_r.html
742,vṛṃh,vfMh,,I,,roar,vṛṃhita,E,1,root_v_r_mh.html
743,vṛj,vfj,,VII,,twist,vṛktá,AV|B|C|E|RV|S|V,0,root_v_rj.html
744,vṛt,vft,,I|II|III,,turn,vṛttá,AV|B|C|E|RV|S|V,0,root_v_rt.html
745,vṛdh,vfD,,I,,grow,vṛddhá,AV|B|C|E|RV|S|V,0,root_v_rdh.html
746,vṛṣ,vfz,,I|VI,,rain,vṛṣṭá,B|C|E|RV|S|V,0,root_v_r_s.html
747,vṛh,vfh,,VI,,tear,vṛḍhá,AV|B|C|E|RV|S|V,1,root_v_rh.html
748,ven,ven,,I,,long,,B|RV|V,0,root_ven.html
749,vell,vell,,I,,stagger,vellita,C|E|S,0,root_vell.html
750,veṣṭ,vezw,,,,,,,0,root_ve_s_t.html
751,vyac,vyac,,III|VI,,extend,vicita,AV|B|RV|S|V,1,root_vyac.html
752,vyaj,vyaj,,,,,,,0,root_vyaj.html
753,vyath,vyaT,,I,,waver,,AV|B|C|E|RV|S|V,0,root_vyath.html
754,vyadh,vyaD,,IV,,pierce,viddhá,AV|B|C|E|RV|V,1,root_vyadh.html
755,vyay,vyay,,I,,expend,vyayita,,0,root_vyay.html
756,vyā,vyA,,,IV,envelop,vītá,B|C|RV|S|V,1,root_vyaa.html
757,vraj,vraj,,I,,proceed,vrajita,B|C|E|S|V,0,root_vraj.html
758,vrad,vrad,,I,,weaken,,RV,1,root_vrad.html
759,vran,vran,,I,,sound,,C|E,0,root_vran.html
760,vraśc,vraSc,,I|VI,,cut up,vṛkṇá,AV|B|C|RV|S|V,0,root_vrazc.html
761,vrādh,vrAD,,I,,stir up,,RV,0,root_vraadh.html
762,vrīḍ,vrIq,,I|IV,,be abashed,vrīḍita,C|E,0,root_vrii_d.html
763,vruḍ,vruq,,I,,sink,vruḍita,,0,root_vru_d.html
764,vlag,vlag,,,,pursue,,RV,1,root_vlag.html
765,vlī,vlI,,IX,,crush,vlīna,AV|B|RV|S,1,root_vlii.html
766,śaṃs,SaMs,,I,,praise,śastá,B|C|E|RV|S|V,0,root_za_ms.html
767,śak,Sak,,V,,be able,śakta,AV|B|C|E|RV|S|V,0,root_zak.html
768,śaṅk,SaNk,,I,,doubt,śaṅkita,B|E|S,0,root_za_gk.html
769,śat,Sat,,,,cut in pieces,,AV|B|C|E,0,root_zat.html
770,śad,Sad,1,,,prevail,,RV|V,0,root_1_zad.html
771,śad,Sad,2,,,fall,śanna,AV|B|C|S|V,0,root_2_zad.html
772,śap,Sap,,I|IV,,curse,śapta,AV|B|E|S|V,0,root_zap.html
773,śam,Sam,1,I|II|IV|IX,,labor,śamitá,B|RV|S|V,1,root_1_zam.html
774,śam,Sam,2,I|IV,,be quiet,śāṃtá,AV|B|C|E|S|V,0,root_2_zam.html
775,śam,Sam,3,,,note,-,C|E|S,0,root_3_zam.html
776,śal,Sal,,I,,leap,-,,0,root_zal.html
777,śaś,SaS,,I,,leap,śaśita,V,0,root_zaz.html
778,śas,Sas,,I|II,,cut,śasta,AV|B|E|RV|S|V,1,root_zas.html
779,śā,SA,,III,VI,sharpen,śitá,B|C|E|RV|S|V,1,root_zaa.html
780,śās,SAs,1,I|II,,order,śiṣṭá,AV|B|C|E|RV|S|V,1,root_1_zaas.html
781,śās,SAs,2,,,cut,,,0,root_2_zaas.html
782,śikṣ,Sikz,,,,,,,0,root_zik_s.html
783,śiṅgh,SiNG,,,,snuff,,,0,root_zi_ggh.html
784,śiñj,SiYj,,II,,twang,śiñjita,B|C|E|RV|S|V,0,root_zi_jj.html
785,śip,Sip,,,,be smooth,,RV|V,0,root_zip.html
786,śim,Sim,,,,,,,0,root_zim.html
787,śiṣ,Siz,,I|VII,VI,leave,śiṣṭá,AV|B|C|E|RV|S|V,0,root_zi_s.html
788,śī,SI,1,,IV,fall,,AV|B|C|S,0,root_1_zii.html
789,śī,SI,2,I|II,,lie,śayita,AV|B|C|E|RV|S|V,0,root_2_zii.html
790,śuc,Suc,,I|II|IV,,gleam,śuktá,AV|B|C|E|RV|S|V,0,root_zuc.html
791,śuj,Suj,,,,swell,,RV,0,root_zuj.html
792,śudh,SuD,,I|II|IV,,purify,śuddhá,B|C|E|S|V,1,root_zudh.html
793,śubh,SuB,,I|VI,,beautify,śubhitá,AV|B|C|E|RV|S|V,1,root_zubh.html
794,śuṣ,Suz,1,IV,,dry,,AV|B|C|E|S|V,0,root_1_zu_s.html
795,śuṣ,Suz,2,,,blow,,,0,root_2_zu_s.html
796,śū,SU,,,I,swell,śūná,AV|B|C|E|RV|S|V,1,root_zuu.html
797,śṛ,Sf,1,IV|VI|IX,,crush,śīrṇá,AV|B|C|E|RV|S|V,0,root_1_z_r.html
798,śṛ,Sf,2,,,,,,0,root_2_z_r.html
799,śṛ,Sf,3,,,,,,0,root_3_z_r.html
800,śṛdh,SfD,,I,,be defiant,,B|C|RV|V,0,root_z_rdh.html
801,ścand,Scand,,I,,shine,,E|V,1,root_zcand.html
802,ścam,Scam,,,,,,RV,0,root_zcam.html
803,ścut,Scut,,I,,drip,ścutita,B|C|S|V,0,root_zcut.html
804,śnath,SnaT,,I|II,,pierce,śnathitá,RV|S,0,root_znath.html
805,śyā,SyA,,,IV,coagulate,śītá,AV|B|C|E|V,1,root_zyaa.html
806,śrath,SraT,,I|IX,VI,slacken,śṛthitá,B|C|E|RV|V,1,root_zrath.html
807,śran,Sran,,I,,give,,C|S,0,root_zran.html
808,śram,Sram,,I|IV,,be weary,śrāṃtá,B|C|E|RV|S|V,0,root_zram.html
809,śrambh,SramB,,I,,trust,śrabdha,C|E|RV|S,0,root_zrambh.html
810,śrā,SrA,,II|IX,IV,boil,śrātá,AV|B|E|RV|S|V,1,root_zraa.html
811,śri,Sri,,I,,resort,śritá,AV|B|C|E|RV|S|V,1,root_zri.html
812,śriṣ,Sriz,,,,,,,0,root_zri_s.html
813,śrī,SrI,1,IX,,mix,śrītá,B|RV|S|V,1,root_1_zrii.html
814,śrī,SrI,2,,,,,,0,root_2_zrii.html
815,śru,Sru,,II|V,,hear,śrutá,AV|B|C|E|RV|S|V,0,root_zru.html
816,śruṣ,Sruz,,I,,hear,,AV|B|RV|V,0,root_zru_s.html
817,ślath,SlaT,,,,,,,0,root_zlath.html
818,ślā,SlA,,IV,,dissolve,,,0,root_zlaa.html
819,ślāgh,SlAG,,I,,extol,ślāghita,B|E,0,root_zlaagh.html
820,śliṣ,Sliz,,I|IV,,clasp,śliṣṭa,AV|B|C|E|RV,1,root_zli_s.html
821,śvañc,SvaYc,,I,,spread,,B|S|V,0,root_zva_jc.html
822,śvas,Svas,,I|II,,blow,śvasita,AV|B|C|E|RV|S|V,1,root_zvas.html
823,śvā,SvA,,,,,,,1,root_zvaa.html
824,śvit,Svit,,,,be bright,śvitta,C|RV|S|V,0,root_zvit.html
825,ṣṭhīv,zWIv,,I|IV,,spew,ṣṭyūta,AV|B|C|S,0,root__s_thiiv.html
826,sakṣ,sakz,,,,,,,0,root_sak_s.html
827,sagh,saG,,V,,be equal to,,B|RV,0,root_sagh.html
828,sac,sac,,I|III,,accompany,,AV|B|RV|S|V,0,root_sac.html
829,saj,saj,,I,,hang,saktá,AV|B|C|E|RV|S|V,1,root_saj.html
830,sad,sad,,I|II,,sit,sanná,AV|B|C|E|RV|S|V,0,root_sad.html
831,san,san,,VIII,I,gain,,B|C|RV|S|V,1,root_san.html
832,sap,sap,,I,,serve,,B|RV|S|V,0,root_sap.html
833,sarj,sarj,,I,,creak,,B|V,0,root_sarj.html
834,saśc,saSc,,,,,,,0,root_sazc.html
835,sas,sas,,II|III,,sleep,,RV,0,root_sas.html
836,sah,sah,,I|II|IV,,prevail,sāḍhá,AV|B|C|E|RV|S|V,0,root_sah.html
837,sā,sA,1,V|IX,I|VI,bind,sitá,AV|B|C|E|RV|S|V,1,root_1_saa.html
838,sā,sA,2,,,,,,0,root_2_saa.html
839,sādh,sAD,,I|IV|V,,succeed,,B|C|E|RV|S|V,1,root_saadh.html
840,si,si,,,,bind,,AV|E|V,0,root_si.html
841,sic,sic,,I|VI,,pour out,siktá,AV|B|C|E|RV|S|V,0,root_sic.html
842,sidh,siD,1,I,,repel,siddha,AV|B|C|E|RV|S|V,0,root_1_sidh.html
843,sidh,siD,2,IV,,succeed,siddha,E|RV|S,0,root_2_sidh.html
844,sī,sI,,,,,,,0,root_sii.html
845,sīv,sIv,,IV,,sew,syūtá,AV|B|C|S|V,1,root_siiv.html
846,su,su,,III|V,,press out,sutá,B|E|RV|S|V,0,root_su.html
847,sul,sul,,,,,,,0,root_sul.html
848,subh,suB,,IX,VI,smother,subdha,V,1,root_subh.html
849,sū,sU,,I|II|IV|VI,,"generate, enliven, impel",sūtá,AV|B|C|E|RV|S|V,1,root_suu.html
850,sūd,sUd,,I,,put in order,,AV|B|E|RV|V,0,root_suud.html
851,sūrkṣ,sUrkz,,I,,heed,,B,0,root_suurk_s.html
852,sṛ,sf,,I|III,,flow,sṛtá,AV|B|C|E|RV|V,0,root_s_r.html
853,sṛk,sfk,,,,be pointed,,B|C|E|RV|S|V,0,root_s_rk.html
854,sṛj,sfj,,I|VI,,send forth,sṛṣṭá,AV|B|C|E|RV|S|V,0,root_s_rj.html
855,sṛp,sfp,,I,,creep,sṛpta,AV|B|C|E|RV|S|V,0,root_s_rp.html
856,sev,sev,,I,,attend upon,sevita,B|C|E|S|V,0,root_sev.html
857,skand,skand,,I,,leap,skanná,AV|B|E|RV|S|V,0,root_skand.html
858,skambh,skamB,,I|V|IX,,"prop,",skabhitá,B|C|E|RV|S|V,1,root_skambh.html
859,sku,sku,,II|V|IX,,tear,skuta,AV|RV|S,0,root_sku.html
860,skṛ,skf,,,,,,,0,root_sk_r.html
861,skhal,sKal,,I,,stumble,,B|C|E|S,0,root_skhal.html
862,stan,stan,,I|II,,thunder,stanita,AV|C|E|RV|S|V,0,root_stan.html
863,stambh,stamB,,I|V|IX,,prop,stabhitá,AV|B|C|E|RV|S|V,1,root_stambh.html
864,stā,stA,,,,be stealthy,,AV|V,0,root_staa.html
865,stigh,stiG,,V,,mount,,,0,root_stigh.html
866,stim,stim,,IV,,be stiff,,E,1,root_stim.html
867,stu,stu,1,I|II|V,VI,praise,stutá,AV|B|C|E|RV|S|V,0,root_1_stu.html
868,stu,stu,2,,,drip,,AV|B|RV|S|V,0,root_2_stu.html
869,stubh,stuB,,I|II,,praise,,B|C|E|RV|S|V,0,root_stubh.html
870,stṛ,stf,,I|V|IX,,strew,stṛta,AV|B|C|E|RV|S|V,0,root_st_r.html
871,stṛh,stfh,,VI,,"crush,",,,0,root_st_rh.html
872,styā,styA,,IV,,stiffen,styāna,AV|B|C|RV,1,root_styaa.html
873,sthag,sTag,,I,,cover,,C,0,root_sthag.html
874,sthā,sTA,,I,,stand,sthitá,AV|B|C|E|RV|S|V,0,root_sthaa.html
875,snā,snA,,II|IV,,bathe,snātá,AV|B|C|E|RV|S|V,0,root_snaa.html
876,snih,snih,,IV,,be sticky,snigdha,B|C|E|RV|V,0,root_snih.html
877,snu,snu,,II,,distil,snuta,B|C|E|RV|S,0,root_snu.html
878,spand,spand,,I,,quiver,spandita,AV|B|C|E|V,0,root_spand.html
879,spaś,spaS,,,,,,,0,root_spaz.html
880,spūrdh,spUrD,,,,,,,0,root_spuurdh.html
881,spṛ,spf,,V|IX,,win,,AV|B|RV|S|V,0,root_sp_r.html
882,spṛdh,spfD,,I|VI,,contend,spardhita,AV|B|C|E|RV|S|V,1,root_sp_rdh.html
883,spṛś,spfS,,I|VI,,touch,spṛṣṭá,AV|B|C|E|RV|S|V,0,root_sp_rz.html
884,spṛh,spfh,,VI,,be eager,,E|RV|S|V,0,root_sp_rh.html
885,sphaṭ,sPaw,,,,split,,C,0,root_spha_t.html
886,sphar,sPar,,,,,,,0,root_sphar.html
887,sphal,sPal,,,,strike,,C|E,0,root_sphal.html
888,sphā,sPA,,IV,,fatten,,AV|B|C|E|RV|S|V,0,root_sphaa.html
889,sphuṭ,sPuw,,I|VI,,burst,sphuṭita,B|C|E,0,root_sphu_t.html
890,sphur,sPur,,,,,,,1,root_sphur.html
891,sphūrj,sPUrj,,I,,rumble,sphūrjita,AV|B|C|E|V,0,root_sphuurj.html
892,sphṛ,sPf,,VI,,jerk,sphurita,B|C|E|RV|S|V,1,root_sph_r.html
893,smi,smi,,I,,smile,smita,B|C|E|RV|S|V,0,root_smi.html
894,smṛ,smf,,I,,remember,smṛta,AV|B|C|E|S|V,0,root_sm_r.html
895,syand,syand,,I,,move on,syanná,AV|B|C|E|RV|S|V,1,root_syand.html
896,sraṃs,sraMs,,I,,fall,srasta,AV|B|C|E|RV|S|V,1,root_sra_ms.html
897,sridh,sriD,,I,,blunder,,V,0,root_sridh.html
898,srīv,srIv,,IV,,fail,srūta,B|RV,0,root_sriiv.html
899,sru,sru,,I,,flow,srutá,AV|B|C|E|RV|S|V,0,root_sru.html
900,svaj,svaj,,I,,embrace,svakta,AV|B|C|E|S|V,1,root_svaj.html
901,svad,svad,,I,,sweeten,,B|C|E|RV|V,1,root_svad.html
902,svan,svan,,I,II,sound,svanita,E|RV|S|V,0,root_svan.html
903,svap,svap,,I|II,,sleep,suptá,AV|B|C|E|RV|S|V,0,root_svap.html
904,svar,svar,,I,,sound,,AV|B|C|RV|S|V,0,root_svar.html
905,svād,svAd,,,,,,,0,root_svaad.html
906,svid,svid,,I|IV,,sweat,svinná,AV|B|C|E|RV|S|V,0,root_svid.html
907,had,had,,I,,discharge excrement,hanna,C|E,0,root_had.html
908,han,han,,I|II|VIII,VI,smite,hatá,AV|B|C|E|RV|S|V,0,root_han.html
909,har,har,,IV,,be gratified,,B|RV|V,0,root_har.html
910,has,has,,I,,laugh,hasita,AV|B|C|E|RV|V,0,root_has.html
911,hā,hA,1,I|III,,leave,hīná,AV|B|C|E|RV|S|V,0,root_1_haa.html
912,hā,hA,2,III,,go forth,hāna,AV|B|E|V,0,root_2_haa.html
913,hās,hAs,,I,,go emulously,,AV,0,root_haas.html
914,hi,hi,,I|V,,impel,hitá,AV|B|C|E|RV|S|V,0,root_hi.html
915,hiṃs,hiMs,,I|VII,,injure,hiṃsitá,AV|B|E|S|V,0,root_hi_ms.html
916,hikk,hikk,,I,,sob,,C|E,0,root_hikk.html
917,hiṇḍ,hiRq,,I,,roam,,E,0,root_hi_n_d.html
918,hīḍ,hIq,,I,,be hostile,hīḍitá,AV|B|C|E|RV|V,1,root_hii_d.html
919,hu,hu,,II|III,,sacrifice,hutá,AV|B|C|E|RV|S|V,0,root_hu.html
921,hū,hU,,I|II|III,IV|VI,call,hūtá,AV|B|C|E|RV|S|V,1,root_huu.html
922,hūrch,hUrC,,I,,fall away,hūrchita,B,0,root_huurch.html
923,hṛ,hf,1,I|II|III,,take,hṛtá,AV|B|C|E|RV|S|V,0,root_1_h_r.html
924,hṛ,hf,2,IX,,be angry,,V,0,root_2_h_r.html
925,hṛṣ,hfz,,I|IV,,be excited,hṛṣitá,AV|B|C|E|RV|V,0,root_h_r_s.html
926,heṭh,heW,,,,,,,0,root_he_th.html
927,heḍ,heq,,,,,,,1,root_he_d.html
928,heṣ,hez,,I,,,heṣita,C|E|RV|V,0,root_he_s.html
929,hnu,hnu,,I|II,,hide,hnutá,AV|B|C|E|RV|S|V,0,root_hnu.html
930,hras,hras,,I,,shorten,hrasta,B|C|S,0,root_hras.html
931,hrād,hrAd,,I,,make a noise,hrādita,B|E|S,0,root_hraad.html
932,hrī,hrI,,III,,be ashamed,hrīta,B|C|E|RV,0,root_hrii.html
934,hreṣ,hrez,,I,,neigh,hreṣita,E,0,root_hre_s.html
935,hlād,hlAd,,I,,refresh,hlanna,B|C|E|V,0,root_hlaad.html
936,hval,hval,,I,,go wrong,hvalita,C|E|S,0,root_hval.html
937,hvṛ,hvf,,I|IX,III,be or make crooked,hvṛta,B|C|RV|V,1,root_hv_r.html
