whitney_no,root_slp1,source,dict_L,dict_homonym,dict_class,basis
1,aMh,apte,19,1,I,unique-slp1
2,akz,mw,423,,I|V,slp1-shared
2,akz,apte,117,1,I|V,slp1-shared
3,akz,mw,423,,I|V,slp1-shared
3,akz,apte,117,1,I|V,slp1-shared
4,aNg,mw,1492,,I|X,unique-slp1
5,ac,mw,1767,1,I,unique-slp1
5,ac,apte,314,1,I,unique-slp1
6,aj,mw,1927,,I,unique-slp1
6,aj,apte,351,1,I,unique-slp1
7,aYj,mw,2267,,VII,unique-slp1
8,aw,mw,2337,,I,unique-slp1
8,aw,apte,449,1,I,unique-slp1
9,aRW,mw,2447,,I,unique-slp1
10,at,mw,2490,2,I,unique-slp1
10,at,apte,489,1,I,unique-slp1
11,ad,mw,3575,1,II,unique-slp1
11,ad,apte,809,1,II,unique-slp1
12,an,mw,4782,2,II,unique-slp1
12,an,apte,1130,1,II,unique-slp1
13,am,mw,13748,3,,unique-slp1
13,am,apte,3744,1,I|X,unique-slp1
14,ay,apte,3914,1,I,unique-slp1
15,arc,mw,15701,1,I,unique-slp1
15,arc,apte,4130,1,I|X,unique-slp1
16,arj,mw,15739,,I,unique-slp1
16,arj,apte,4145,1,I|X,unique-slp1
18,arh,mw,16483,,I,unique-slp1
18,arh,apte,4220,1,I|X,unique-slp1
19,av,mw,16938,,I,unique-slp1
19,av,apte,4340,1,I,unique-slp1
20,aS,apte,5215,1,V|IX,slp1-shared
21,aS,apte,5215,1,V|IX,slp1-shared
22,as,mw,20353,1,II,class
22,as,apte,5378,1,I|II|IV,slp1-shared
23,as,mw,20354,2,IV,class
23,as,apte,5378,1,I|II|IV,slp1-shared
24,ah,apte,5669,1,I|V|X,unique-slp1
26,Ap,mw,24743,1,V,unique-slp1
26,Ap,apte,6372,1,I|V,unique-slp1
27,Ar,mw,25983,1,IV,unique-slp1
28,As,mw,27851,2,II,unique-slp1
28,As,apte,7112,1,II|IV,unique-slp1
29,i,mw,28539,5,II,slp1-shared
29,i,apte,7286,1,I|II|IV,slp1-shared
30,i,mw,28539,5,II,slp1-shared
30,i,apte,7286,1,I|II|IV,slp1-shared
31,iNg,mw,28638,,I,unique-slp1
33,iw,mw,28677,,I,unique-slp1
33,iw,apte,7316,1,I,unique-slp1
36,in,apte,7354,1,VI|VIII,unique-slp1
41,il,mw,29396,,VI|X,unique-slp1
41,il,apte,7420,1,VI|X,unique-slp1
42,iz,apte,7431,1,I|IV|VI|IX,slp1-shared
43,iz,apte,7431,1,I|IV|VI|IX,slp1-shared
44,I,apte,7476,1,II|IV,unique-slp1
45,Ikz,mw,29695,,I,unique-slp1
45,Ikz,apte,7477,1,I,unique-slp1
46,INK,mw,29714,,I,unique-slp1
47,Ij,mw,29717,,I,unique-slp1
47,Ij,apte,7488,1,I,unique-slp1
48,Iq,mw,29721,1,II,unique-slp1
48,Iq,apte,7490,1,II,unique-slp1
49,Ir,mw,29761,,II,unique-slp1
49,Ir,apte,7506,1,I|II|X,unique-slp1
50,Irzy,mw,29797,,I,unique-slp1
50,Irzy,apte,7517,1,I,unique-slp1
51,IS,mw,29827,1,II,unique-slp1
51,IS,apte,7523,1,II,unique-slp1
52,Iz,mw,29921,1,I,unique-slp1
52,Iz,apte,7534,1,I,unique-slp1
53,Ih,mw,29985,,I,unique-slp1
53,Ih,apte,7543,1,I,unique-slp1
54,u,mw,30001,4,I|II|V,unique-slp1
54,u,apte,7547,1,I|V,unique-slp1
55,ukz,mw,30072,1,I,slp1-shared
55,ukz,apte,7556,1,I|VI,slp1-shared
56,ukz,mw,30072,1,I,slp1-shared
56,ukz,apte,7556,1,I|VI,slp1-shared
57,uc,mw,30209,,IV,unique-slp1
57,uc,apte,7574,1,IV,unique-slp1
60,uYC,mw,30615,,I|VI,unique-slp1
61,ud,mw,32059,2,VI|VII,unique-slp1
62,ubj,mw,37050,,VI,unique-slp1
62,ubj,apte,9172,1,VI,unique-slp1
63,uB,mw,37051,,VI|IX,unique-slp1
63,uB,apte,9173,1,VI|VII|IX,unique-slp1
64,uz,mw,37688,1,I|IX,slp1-shared
64,uz,apte,9308,1,I,slp1-shared
65,uz,mw,37688,1,I|IX,slp1-shared
65,uz,apte,9308,1,I,slp1-shared
66,UrRu,mw,38079,,II,unique-slp1
66,UrRu,apte,9375,1,II,unique-slp1
67,Uh,apte,9405,1,I,slp1-shared
68,Uh,apte,9405,1,I,slp1-shared
69,f,mw,38410,4,I|III|V,unique-slp1
69,f,apte,9413,1,I|III|V,unique-slp1
70,fc,mw,38696,1,VI,unique-slp1
70,fc,apte,9424,1,VI,unique-slp1
72,fj,mw,38776,,I,unique-slp1
72,fj,apte,9435,1,I,unique-slp1
73,ft,mw,38911,,,unique-slp1
75,fD,mw,38930,,II|IV|V|VI|VII,unique-slp1
75,fD,apte,9479,1,IV|V|VII,unique-slp1
77,fz,apte,9496,1,I|VI,unique-slp1
78,ej,mw,39975,,I,unique-slp1
78,ej,apte,9538,1,I,unique-slp1
79,eD,mw,40096,,I,unique-slp1
79,eD,apte,9566,1,I,unique-slp1
80,katT,mw,42681,,I,unique-slp1
80,katT,apte,10158,1,I,unique-slp1
81,kaT,mw,42692,,X,unique-slp1
81,kaT,apte,10163,1,X,unique-slp1
82,kad,mw,42779,1,I,unique-slp1
83,kan,mw,42917,,I,unique-slp1
83,kan,apte,10195,1,I,unique-slp1
84,kam,mw,43768,2,I,unique-slp1
84,kam,apte,10289,1,I|X,unique-slp1
85,kamp,mw,43913,,I,unique-slp1
86,kal,apte,10456,1,I|X,unique-slp1
87,kaz,mw,46728,,I,unique-slp1
87,kaz,apte,10577,1,I|X,unique-slp1
88,kas,mw,46861,1,I,unique-slp1
88,kas,apte,10593,1,I|II,unique-slp1
90,kANkz,mw,47271,,I,unique-slp1
91,kAS,mw,49812,,I|IV,unique-slp1
91,kAS,apte,10856,1,I|IV,unique-slp1
92,kAs,mw,50091,1,I,unique-slp1
92,kAs,apte,10881,1,I,unique-slp1
93,ku,apte,10986,1,I|II|VI,unique-slp1
94,kuc,mw,51417,,I|VI,unique-slp1
94,kuc,apte,11004,1,I|VI,unique-slp1
95,kuYj,mw,51471,,I,unique-slp1
96,kuww,mw,51676,,X,unique-slp1
96,kuww,apte,11044,1,X,unique-slp1
98,kuT,mw,52041,,IV,unique-slp1
98,kuT,apte,11113,1,IV,unique-slp1
99,kup,mw,52181,1,IV,unique-slp1
99,kup,apte,11134,1,IV|X,unique-slp1
100,kuz,mw,53477,,VI|IX,unique-slp1
100,kuz,apte,11281,1,IX,unique-slp1
101,kU,apte,11320,1,VI|IX,unique-slp1
102,kUj,mw,53796,,I,unique-slp1
102,kUj,apte,11325,1,I,unique-slp1
103,kUq,mw,53917,2,X,unique-slp1
103,kUq,apte,11331,1,VI,unique-slp1
104,kUR,mw,53919,,I,unique-slp1
104,kUR,apte,11333,1,X,unique-slp1
105,kUrd,mw,54039,,I,unique-slp1
105,kUrd,apte,11354,1,I,unique-slp1
106,kf,mw,54148,1,I|II|V|VIII,class
106,kf,apte,11373,1,V|VIII,slp1-shared
107,kf,apte,11373,1,V|VIII,slp1-shared
108,kf,apte,11373,1,V|VIII,slp1-shared
109,kft,mw,54777,2,I|VI,class
109,kft,apte,11394,1,VI|VII,slp1-shared
110,kft,mw,54810,3,VII,class
110,kft,apte,11394,1,VI|VII,slp1-shared
111,kfp,mw,54858,2,VI|X,unique-slp1
111,kfp,apte,11408,1,I|X,unique-slp1
112,kfS,mw,55010,,IV,unique-slp1
112,kfS,apte,11428,1,IV,unique-slp1
113,kfz,mw,55083,1,I|VI,unique-slp1
113,kfz,apte,11435,1,I|VI,unique-slp1
114,kxp,apte,11454,1,I,unique-slp1
117,kraT,mw,57713,,I,unique-slp1
117,kraT,apte,11683,1,I|X,unique-slp1
118,krand,mw,57730,,I,unique-slp1
119,kram,mw,57749,,I|IV,unique-slp1
119,kram,apte,11692,1,I|IV,unique-slp1
120,krI,mw,58088,1,IX,unique-slp1
120,krI,apte,11717,1,IX,unique-slp1
121,krIq,mw,58135,,I,unique-slp1
121,krIq,apte,11729,1,I,unique-slp1
123,kruD,mw,58231,1,IV,unique-slp1
123,kruD,apte,11743,1,IV,unique-slp1
124,kruS,mw,58298,,I,unique-slp1
124,kruS,apte,11754,1,I,unique-slp1
126,klaT,mw,58538,,I,unique-slp1
126,klaT,apte,11768,1,I|IX,unique-slp1
127,kland,mw,58542,,I,unique-slp1
128,klam,mw,58545,,I|IV,unique-slp1
128,klam,apte,11770,1,I|IV,unique-slp1
129,klav,apte,11774,1,IV,unique-slp1
130,klid,mw,58564,,IV,unique-slp1
130,klid,apte,11775,1,IV,unique-slp1
131,kliS,apte,11784,1,IV|IX,unique-slp1
132,kvaR,mw,58692,,I,unique-slp1
132,kvaR,apte,11801,1,I,unique-slp1
133,kvaT,mw,58702,,I,unique-slp1
133,kvaT,apte,11803,1,I,unique-slp1
134,kzad,mw,58898,1,I,unique-slp1
134,kzad,apte,11828,1,I,unique-slp1
136,kzap,mw,58968,1,I,unique-slp1
136,kzap,apte,11831,1,I|X,unique-slp1
137,kzam,mw,59030,1,I|II|IV,unique-slp1
137,kzam,apte,11839,1,I|IV,unique-slp1
138,kzar,mw,59141,,I|II,unique-slp1
138,kzar,apte,11854,1,I,unique-slp1
139,kzal,mw,59234,2,X,unique-slp1
139,kzal,apte,11865,1,X,unique-slp1
141,kzi,apte,11878,1,I|V|VI|IX,slp1-shared
142,kzi,apte,11878,1,I|V|VI|IX,slp1-shared
143,kzip,mw,59502,1,IV|VI,unique-slp1
143,kzip,apte,11894,1,VI,unique-slp1
144,kzu,mw,59841,1,II,unique-slp1
144,kzu,apte,11928,1,II,unique-slp1
145,kzud,mw,59877,1,I|VII,unique-slp1
145,kzud,apte,11935,1,VII,unique-slp1
146,kzuD,mw,60072,1,IV,unique-slp1
146,kzuD,apte,11949,1,IV,unique-slp1
147,kzup,mw,60118,,VI,unique-slp1
148,kzuB,mw,60128,1,I|IV|V|IX,unique-slp1
148,kzuB,apte,11955,1,I|IV|IX,unique-slp1
149,kzRu,mw,60596,,II,unique-slp1
149,kzRu,apte,11997,1,II,unique-slp1
153,kzvel,mw,60659,,I,unique-slp1
153,kzvel,apte,12009,1,I,unique-slp1
154,Kac,mw,60863,,I|IX|X,unique-slp1
154,Kac,apte,12017,1,I|IX|X,unique-slp1
155,KaYj,mw,60884,1,I,unique-slp1
156,Kad,apte,12071,1,I,unique-slp1
157,Kan,mw,61265,,I,unique-slp1
157,Kan,apte,12074,1,I,unique-slp1
158,Karj,mw,61509,,I,unique-slp1
158,Karj,apte,12099,1,I,unique-slp1
159,Kall,mw,61663,,I,unique-slp1
161,KAd,mw,61789,,I,unique-slp1
161,KAd,apte,12151,1,I,unique-slp1
162,Kid,mw,61905,,IV|VI|VII,unique-slp1
162,Kid,apte,12171,1,IV|VI|VII,unique-slp1
163,Kud,mw,61977,,VI,unique-slp1
164,Kel,apte,12203,1,I,unique-slp1
165,KyA,apte,12218,1,II,unique-slp1
167,gad,mw,62868,,I|X,unique-slp1
167,gad,apte,12285,1,I|X,unique-slp1
168,gaD,apte,12296,1,IV,unique-slp1
170,gam,mw,63409,1,I|II|III,unique-slp1
170,gam,apte,12317,1,I,unique-slp1
171,garj,mw,63862,,I,unique-slp1
171,garj,apte,12358,1,I|X,unique-slp1
172,gard,mw,63914,,I|X,unique-slp1
172,gard,apte,12365,1,X,unique-slp1
173,garh,mw,64179,,I|X,unique-slp1
173,garh,apte,12385,1,I|X,unique-slp1
174,gal,mw,64198,1,I,unique-slp1
174,gal,apte,12390,1,I|X,unique-slp1
175,galB,apte,12402,1,I,unique-slp1
176,gA,mw,64493,1,II|III,slp1-shared
176,gA,apte,12437,1,II|III,slp1-shared
177,gA,mw,64493,1,II|III,slp1-shared
177,gA,apte,12437,1,II|III,slp1-shared
178,gAh,mw,65024,,I,unique-slp1
178,gAh,apte,12509,1,I,unique-slp1
180,gu,mw,65341,3,I,unique-slp1
180,gu,apte,12535,1,I|VI,unique-slp1
181,guYj,mw,65392,,I,unique-slp1
183,gup,apte,12594,1,I|IV|X,unique-slp1
184,guP,apte,12610,1,VI,unique-slp1
185,gur,apte,12614,1,IV|VI,unique-slp1
187,guh,mw,66258,1,I,unique-slp1
187,guh,apte,12634,1,I,unique-slp1
188,gUrd,apte,12652,1,I|X,unique-slp1
189,gUrD,mw,66407,,X,unique-slp1
189,gUrD,apte,12654,1,X,unique-slp1
190,gf,apte,12657,1,I,slp1-shared
191,gf,apte,12657,1,I,slp1-shared
192,gf,apte,12657,1,I,slp1-shared
193,gfD,mw,66434,,IV,unique-slp1
193,gfD,apte,12662,1,IV,unique-slp1
194,gE,mw,66852,,I|II|III,unique-slp1
194,gE,apte,12698,1,I,unique-slp1
195,graT,mw,68437,1,I|IX,unique-slp1
195,graT,apte,12771,1,I,unique-slp1
197,gras,mw,68546,1,I,unique-slp1
197,gras,apte,12784,1,I|X,unique-slp1
199,glah,mw,69145,,I,unique-slp1
199,glah,apte,12833,1,I|X,unique-slp1
201,Gaw,mw,69219,,I,unique-slp1
201,Gaw,apte,12849,1,I|X,unique-slp1
202,Gaww,mw,69346,,I|X,unique-slp1
202,Gaww,apte,12863,1,I|X,unique-slp1
203,Gar,apte,12882,1,X,unique-slp1
204,Gas,mw,69692,,I,unique-slp1
204,Gas,apte,12891,1,I|II,unique-slp1
205,Guw,apte,12912,1,VI,unique-slp1
206,Guz,mw,69841,1,I,unique-slp1
206,Guz,apte,12929,1,I|X,unique-slp1
207,GUrR,mw,69925,,I,unique-slp1
207,GUrR,apte,12942,1,I|VI,unique-slp1
208,Gf,mw,69935,1,I|III|X,unique-slp1
208,Gf,apte,12946,1,I|III|V|X,unique-slp1
209,Gfz,mw,70114,2,I,unique-slp1
209,Gfz,apte,12959,1,I,unique-slp1
210,GrA,mw,70246,,I|II|III,unique-slp1
210,GrA,apte,12978,1,I,unique-slp1
211,cak,apte,12987,1,I,unique-slp1
212,cakAs,apte,12989,1,II,unique-slp1
213,cakz,apte,13004,1,II,unique-slp1
214,caYc,mw,70764,,I,unique-slp1
215,caw,mw,70830,,I,unique-slp1
215,caw,apte,13027,1,I|X,unique-slp1
216,cat,apte,13052,1,I,unique-slp1
217,can,mw,71515,2,,unique-slp1
217,can,apte,13070,1,I|VI,unique-slp1
219,cam,apte,13102,1,I,unique-slp1
220,car,mw,72173,,I,unique-slp1
220,car,apte,13121,1,I,unique-slp1
221,carc,mw,72401,,I|X,unique-slp1
221,carc,apte,13140,1,VI|X,unique-slp1
222,carv,mw,72562,,I|X,unique-slp1
222,carv,apte,13167,1,I|X,unique-slp1
223,cal,mw,72587,,I,unique-slp1
223,cal,apte,13173,1,I|VI,unique-slp1
224,cAy,apte,13252,1,I,unique-slp1
225,ci,apte,13280,1,I|III|V,slp1-shared
226,ci,apte,13280,1,I|III|V,slp1-shared
227,cit,mw,73474,4,I|II|III,unique-slp1
227,cit,apte,13321,1,I|X,unique-slp1
229,cud,apte,13421,1,I|X,unique-slp1
230,cup,apte,13429,1,I,unique-slp1
231,cumb,mw,74627,2,I,unique-slp1
232,cur,apte,13439,1,X,unique-slp1
234,cUz,mw,74874,,I,unique-slp1
234,cUz,apte,13488,1,I,unique-slp1
235,cft,apte,13494,1,I|VI|X,unique-slp1
236,cezw,apte,13506,1,I,unique-slp1
237,cyu,apte,13540,1,I|X,unique-slp1
238,cyut,apte,13545,1,I,unique-slp1
239,Cad,apte,13563,1,X,unique-slp1
242,Cid,mw,75907,1,VII|IX,unique-slp1
242,Cid,apte,13615,1,VII,unique-slp1
243,Cuw,apte,13638,1,VI|X,unique-slp1
244,Cur,apte,13644,1,I|VI,unique-slp1
245,Cfd,mw,76102,,I|VII,unique-slp1
245,Cfd,apte,13650,1,I|VII|X,unique-slp1
246,jakz,mw,76187,2,II,slp1-shared
246,jakz,apte,13666,1,II,slp1-shared
247,jakz,mw,76187,2,II,slp1-shared
247,jakz,apte,13666,1,II,slp1-shared
249,jan,mw,76735,,I|II|III|IV|X,unique-slp1
249,jan,apte,13721,1,IV,unique-slp1
250,jap,mw,77153,,I,unique-slp1
250,jap,apte,13754,1,I,unique-slp1
251,jam,apte,13760,1,I,unique-slp1
254,jalp,apte,13816,1,I,unique-slp1
255,jas,apte,13833,1,I|IV|X,unique-slp1
258,ji,mw,79180,1,I|IX,slp1-shared
258,ji,apte,13924,1,I,slp1-shared
259,ji,mw,79180,1,I|IX,slp1-shared
259,ji,apte,13924,1,I,slp1-shared
260,jIv,mw,79622,,I,unique-slp1
260,jIv,apte,13980,1,I,unique-slp1
261,jur,mw,80005,1,IV|VI,unique-slp1
261,jur,apte,14008,1,IV|VI,unique-slp1
262,juz,mw,80017,1,I|III|VI,unique-slp1
262,juz,apte,14013,1,I|VI|X,unique-slp1
263,jU,apte,14025,1,I|IX,unique-slp1
264,jUrv,apte,14036,1,I,unique-slp1
265,jf,mw,80120,2,I,slp1-shared
265,jf,apte,14039,1,I,slp1-shared
266,jf,mw,80120,2,I,slp1-shared
266,jf,apte,14039,1,I,slp1-shared
268,jeh,apte,14053,1,I,unique-slp1
269,jYA,mw,80318,1,III|IX,unique-slp1
269,jYA,apte,14069,1,IX,unique-slp1
270,jyA,mw,80523,1,IV|IX,unique-slp1
270,jyA,apte,14089,1,IX,unique-slp1
271,jyut,apte,14103,1,I,unique-slp1
272,jri,apte,14117,1,I|X,unique-slp1
273,jvar,mw,80857,,I,unique-slp1
273,jvar,apte,14118,1,I,unique-slp1
274,jval,mw,80890,,I,unique-slp1
274,jval,apte,14121,1,I,unique-slp1
275,Jaw,apte,14137,1,I,unique-slp1
279,wal,apte,14204,1,I,unique-slp1
280,wIk,apte,14215,1,I,unique-slp1
282,qam,apte,14229,1,I,unique-slp1
284,qI,mw,81442,,I|IV,unique-slp1
284,qI,apte,14257,1,I|IV,unique-slp1
285,qval,apte,14266,1,X,unique-slp1
286,QOk,mw,81523,,I,unique-slp1
286,QOk,apte,14275,1,I,unique-slp1
287,taMs,apte,14279,1,I|X,unique-slp1
288,tak,apte,14280,1,I|II,unique-slp1
289,takz,mw,81602,1,I|II|V,unique-slp1
289,takz,apte,14287,1,I|V,unique-slp1
291,taw,apte,14299,1,I|X,unique-slp1
292,taq,mw,81685,,X,unique-slp1
292,taq,apte,14306,1,X,unique-slp1
293,tan,mw,82226,3,VIII,class
293,tan,apte,14348,1,I|VIII|X,slp1-shared
294,tan,mw,82220,2,IV,class
294,tan,apte,14348,1,I|VIII|X,slp1-shared
296,tap,mw,82608,2,I|IV,unique-slp1
296,tap,apte,14391,1,I|IV|X,unique-slp1
297,tam,mw,82867,,IV,unique-slp1
297,tam,apte,14419,1,IV,unique-slp1
298,tark,mw,83341,,X,unique-slp1
298,tark,apte,14477,1,X,unique-slp1
299,tarj,mw,83427,,I,unique-slp1
299,tarj,apte,14487,1,I|X,unique-slp1
300,tas,apte,14534,1,IV,unique-slp1
302,tAy,apte,14595,1,I,unique-slp1
305,tij,mw,84753,,I,unique-slp1
305,tij,apte,14645,1,I|X,unique-slp1
306,tim,apte,14666,1,I|IV,unique-slp1
308,til,apte,14695,1,I|VI|X,unique-slp1
309,tu,apte,14727,1,II,unique-slp1
311,tuj,mw,85813,2,I|VI,unique-slp1
311,tuj,apte,14740,1,I,unique-slp1
312,tud,mw,85879,1,VI,unique-slp1
312,tud,apte,14762,1,VI,unique-slp1
313,tur,apte,14782,1,III|VI,unique-slp1
314,turv,apte,14802,1,I,unique-slp1
315,tul,mw,86105,,X,unique-slp1
315,tul,apte,14804,1,I|X,unique-slp1
316,tuS,apte,14819,1,I,unique-slp1
317,tuz,mw,86265,,IV,unique-slp1
317,tuz,apte,14820,1,IV,unique-slp1
320,tfd,apte,14882,1,I|VII,unique-slp1
321,tfp,mw,86723,1,I|IV|V|VI,unique-slp1
321,tfp,apte,14883,1,I|IV|V|VI|X,unique-slp1
322,tfz,mw,86774,1,IV,unique-slp1
322,tfz,apte,14896,1,IV,unique-slp1
323,tfh,apte,14909,1,VI|VII|X,unique-slp1
324,tyaj,mw,87337,1,I,unique-slp1
324,tyaj,apte,14989,1,I,unique-slp1
325,trap,apte,15001,1,I,unique-slp1
326,tras,mw,87510,2,I|IV,unique-slp1
326,tras,apte,15012,1,I|IV|X,unique-slp1
327,trA,apte,15021,1,II,unique-slp1
328,truw,apte,15033,1,IV|VI,unique-slp1
329,tvakz,apte,15071,1,I,unique-slp1
331,tvac,apte,15078,1,VI,unique-slp1
332,tvar,apte,15090,1,I,unique-slp1
333,tviz,apte,15098,1,I,unique-slp1
334,tsar,apte,15103,1,I,unique-slp1
335,daMS,apte,15115,1,I|X,unique-slp1
337,dakz,mw,89316,,I,unique-slp1
337,dakz,apte,15133,1,I,unique-slp1
338,daG,apte,15146,1,IV|V,unique-slp1
339,dad,apte,15165,1,I,unique-slp1
340,daD,apte,15171,1,I,unique-slp1
342,daB,apte,15189,1,I|V|X,unique-slp1
343,dam,mw,90246,1,IV|IX,unique-slp1
343,dam,apte,15193,1,IV,unique-slp1
344,day,apte,15214,1,I,unique-slp1
345,daridrA,apte,15228,1,II,unique-slp1
346,dal,mw,90700,,I,unique-slp1
346,dal,apte,15249,1,I,unique-slp1
347,das,apte,15278,1,I|IV|X,unique-slp1
348,dah,mw,91164,1,I,unique-slp1
348,dah,apte,15286,1,I,unique-slp1
349,dA,apte,15299,1,I|II|III|IV,slp1-shared
350,dA,mw,91212,1,I|III,class
350,dA,apte,15299,1,I|II|III|IV,slp1-shared
351,dA,apte,15299,1,I|II|III|IV,slp1-shared
352,dA,apte,15299,1,I|II|III|IV,slp1-shared
353,dAS,mw,91851,1,I|II|V,unique-slp1
353,dAS,apte,15394,1,I|V|X,unique-slp1
354,dAs,apte,15402,1,I|V,unique-slp1
355,div,mw,92229,2,IV,unique-slp1
355,div,apte,15430,1,I|IV|X,unique-slp1
356,diS,mw,92472,1,III|VI,unique-slp1
356,diS,apte,15439,1,VI,unique-slp1
357,dih,mw,92642,1,II,unique-slp1
357,dih,apte,15448,1,II,unique-slp1
358,dI,apte,15451,1,III|IV,slp1-shared
359,dI,apte,15451,1,III|IV,slp1-shared
360,dIkz,apte,15456,1,I,unique-slp1
361,dIDI,apte,15465,1,II,unique-slp1
362,dIp,mw,92769,,IV,unique-slp1
362,dIp,apte,15467,1,IV,unique-slp1
365,du,apte,15486,1,I|IV|V,unique-slp1
366,duD,apte,15501,1,I,unique-slp1
367,dul,apte,15516,1,X,unique-slp1
368,duz,mw,94747,2,IV,unique-slp1
368,duz,apte,15523,1,IV,unique-slp1
369,duh,mw,94848,2,II|IV|VI,unique-slp1
369,duh,apte,15545,1,I|II,unique-slp1
370,dU,apte,15556,1,IV,unique-slp1
371,df,apte,15569,1,V|VI,slp1-shared
372,df,apte,15569,1,V|VI,slp1-shared
373,dfp,mw,95246,2,IV,unique-slp1
373,dfp,apte,15584,1,I|IV|VI|X,unique-slp1
374,dfB,apte,15591,1,I|VI|X,unique-slp1
375,dfS,mw,95263,1,,unique-slp1
375,dfS,apte,15596,1,I,unique-slp1
376,dfh,apte,15619,1,I,unique-slp1
377,dev,apte,15625,1,I,unique-slp1
378,dyu,apte,15749,1,II,unique-slp1
379,dyut,mw,97391,2,I,unique-slp1
379,dyut,apte,15753,1,I,unique-slp1
380,dram,apte,15777,1,I,unique-slp1
381,drA,mw,97755,2,II,slp1-shared
381,drA,apte,15793,1,II,slp1-shared
382,drA,mw,97755,2,II,slp1-shared
382,drA,apte,15793,1,II,slp1-shared
383,drAq,apte,15804,1,I,unique-slp1
384,dru,mw,97846,2,I,unique-slp1
384,dru,apte,15816,1,I|V,unique-slp1
385,druh,mw,97951,1,IV,unique-slp1
385,druh,apte,15830,1,IV,unique-slp1
386,drU,apte,15840,1,V|IX,unique-slp1
388,dviz,mw,98962,2,II,unique-slp1
388,dviz,apte,15882,1,II,unique-slp1
389,Dan,mw,99257,2,III,unique-slp1
389,Dan,apte,15931,1,I|III,unique-slp1
390,Danv,mw,99639,,I,unique-slp1
391,Dam,mw,99700,,I,unique-slp1
392,Dav,mw,100554,,I,unique-slp1
393,DA,mw,100607,1,I|II|III|IV,slp1-shared
393,DA,apte,16000,1,III,slp1-shared
394,DA,mw,100607,1,I|II|III|IV,slp1-shared
394,DA,apte,16000,1,III,slp1-shared
395,DAv,apte,16048,1,I,slp1-shared
396,DAv,apte,16048,1,I,slp1-shared
397,Di,mw,101184,1,VI,unique-slp1
397,Di,apte,16056,1,V|VI,unique-slp1
398,DI,mw,101254,1,III,unique-slp1
398,DI,apte,16070,1,IV,unique-slp1
399,Dukz,apte,16089,1,I,unique-slp1
400,DU,mw,101481,1,I|II|V|VI|IX,unique-slp1
400,DU,apte,16103,1,I|V|VI|IX|X,unique-slp1
401,DUrv,apte,16131,1,I,unique-slp1
402,Df,mw,101815,,I,unique-slp1
402,Df,apte,16140,1,I|VI|X,unique-slp1
403,Dfz,mw,101933,,I|V,unique-slp1
403,Dfz,apte,16149,1,I|V|X,unique-slp1
404,DmA,apte,16184,1,I,unique-slp1
406,Draj,apte,16202,1,I,unique-slp1
407,DvaMs,mw,102398,,I,unique-slp1
407,DvaMs,apte,16222,1,I,unique-slp1
408,Dvan,mw,102497,2,I,unique-slp1
408,Dvan,apte,16237,1,I,unique-slp1
409,Dvf,mw,102614,,I,unique-slp1
409,Dvf,apte,16247,1,I,unique-slp1
411,nakz,mw,102824,,I,unique-slp1
411,nakz,apte,16258,1,I,unique-slp1
412,naw,mw,103176,,I,unique-slp1
412,naw,apte,16285,1,I|X,unique-slp1
413,nad,mw,103308,,I,unique-slp1
413,nad,apte,16302,1,I,unique-slp1
414,nand,mw,103420,,I,unique-slp1
415,naB,mw,103699,1,I|IV|IX,unique-slp1
415,naB,apte,16335,1,I,unique-slp1
416,nam,mw,103825,,I,unique-slp1
416,nam,apte,16348,1,I,unique-slp1
417,nard,mw,104307,,I,unique-slp1
417,nard,apte,16386,1,I,unique-slp1
418,naS,apte,16419,1,I|IV,slp1-shared
419,naS,apte,16419,1,I|IV,slp1-shared
420,nas,apte,16425,1,I,unique-slp1
421,nah,mw,104854,1,IV,unique-slp1
421,nah,apte,16433,1,IV,unique-slp1
422,nAT,mw,105448,,I,unique-slp1
422,nAT,apte,16473,1,I,unique-slp1
424,nikz,apte,16625,1,I,unique-slp1
425,nij,mw,108251,,II|III,unique-slp1
425,nij,apte,16695,1,III,unique-slp1
426,nind,mw,108659,,I,unique-slp1
427,nI,mw,111189,2,I,unique-slp1
427,nI,apte,17293,1,I,unique-slp1
429,nu,mw,111762,4,II|VI,slp1-shared
429,nu,apte,17335,1,I|II,slp1-shared
430,nu,mw,111762,4,II|VI,slp1-shared
430,nu,apte,17335,1,I|II,slp1-shared
431,nud,mw,111772,1,VI,unique-slp1
431,nud,apte,17340,1,VI,unique-slp1
433,nft,mw,112031,1,IV,unique-slp1
433,nft,apte,17352,1,IV,unique-slp1
434,ned,apte,17367,1,I,unique-slp1
435,pac,mw,113414,2,I|IV,unique-slp1
435,pac,apte,17565,1,I,unique-slp1
436,paj,mw,113507,,,unique-slp1
437,paw,mw,114263,,I|X,unique-slp1
437,paw,apte,17610,1,I|X,unique-slp1
438,paW,mw,114524,,I,unique-slp1
438,paW,apte,17636,1,I,unique-slp1
439,paR,mw,114550,,I,unique-slp1
439,paR,apte,17641,1,I|X,unique-slp1
440,pat,mw,114698,2,I,slp1-shared
440,pat,apte,17662,1,I|IV|X,slp1-shared
441,pat,mw,114698,2,I,slp1-shared
441,pat,apte,17662,1,I|IV|X,slp1-shared
442,paT,apte,17709,1,I|X,unique-slp1
443,pad,mw,115170,2,IV,unique-slp1
443,pad,apte,17718,1,I|IV|X,unique-slp1
444,pan,mw,115833,2,I,unique-slp1
444,pan,apte,17743,1,I,unique-slp1
445,pard,apte,18395,1,I,unique-slp1
446,paS,mw,120516,1,,slp1-shared
447,paS,mw,120516,1,,slp1-shared
448,pA,apte,18548,1,I|II,slp1-shared
449,pA,apte,18548,1,I|II,slp1-shared
450,pA,apte,18548,1,I|II,slp1-shared
451,pAy,mw,122352,,I,unique-slp1
452,pi,apte,18897,1,VI,unique-slp1
453,pinv,apte,18987,1,I,unique-slp1
455,piS,mw,124422,1,VI,unique-slp1
455,piS,apte,19006,1,VI,unique-slp1
456,piz,mw,124541,,VII,unique-slp1
456,piz,apte,19020,1,I|VII|X,unique-slp1
457,pis,apte,19026,1,I|X,unique-slp1
458,pI,mw,124606,2,I|II|III,slp1-shared
458,pI,apte,19028,1,IV,slp1-shared
459,pI,mw,124606,2,I|II|III,slp1-shared
459,pI,apte,19028,1,IV,slp1-shared
460,pIq,mw,124649,,X,unique-slp1
460,pIq,apte,19033,1,X,unique-slp1
461,pIy,mw,124968,,I,unique-slp1
462,puw,mw,125192,,I|VI|X,unique-slp1
462,puw,apte,19080,1,I|VI|X,unique-slp1
463,puT,mw,125645,,IV,unique-slp1
463,puT,apte,19113,1,IV|X,unique-slp1
464,puz,mw,126760,2,I|IV|IX,unique-slp1
464,puz,apte,19186,1,I|IV|IX|X,unique-slp1
465,pU,mw,127307,1,I|IX,unique-slp1
465,pU,apte,19215,1,I|IV|IX,unique-slp1
466,pUj,mw,127377,,I|X,unique-slp1
466,pUj,apte,19221,1,X,unique-slp1
467,pUy,mw,127469,,I,unique-slp1
467,pUy,apte,19239,1,I|IV,unique-slp1
468,pUr,apte,19242,1,IV|X,unique-slp1
469,pf,mw,128300,1,III|IX,slp1-shared
469,pf,apte,19274,1,III|V|VI|IX|X,slp1-shared
470,pf,mw,128300,1,III|IX,slp1-shared
470,pf,apte,19274,1,III|V|VI|IX|X,slp1-shared
471,pf,mw,128300,1,III|IX,slp1-shared
471,pf,apte,19274,1,III|V|VI|IX|X,slp1-shared
472,pfc,mw,128314,1,I|II|III|VII,unique-slp1
472,pfc,apte,19275,1,I|II|VII|X,unique-slp1
477,praC,mw,130824,,VI,unique-slp1
478,praT,mw,134465,1,I,unique-slp1
478,praT,apte,20278,1,I|X,unique-slp1
479,prA,mw,138761,1,II,unique-slp1
480,prI,mw,140436,1,IV|IX,unique-slp1
480,prI,apte,21293,1,I|IV|IX,unique-slp1
481,pru,mw,140856,,I,unique-slp1
481,pru,apte,21300,1,I,unique-slp1
482,pruT,mw,140858,,I,unique-slp1
483,pruz,mw,140871,1,IV|V|IX|X,unique-slp1
483,pruz,apte,21301,1,I|IX,unique-slp1
484,plI,apte,21419,1,IX,unique-slp1
485,plu,mw,141468,,I,unique-slp1
485,plu,apte,21422,1,I,unique-slp1
486,pluz,mw,141564,,I|IV|IX,unique-slp1
486,pluz,apte,21436,1,I|IV|IX,unique-slp1
487,psA,mw,141584,1,II,unique-slp1
487,psA,apte,21445,1,II,unique-slp1
488,Pakk,apte,21451,1,I,unique-slp1
489,PaR,mw,141623,,I,unique-slp1
489,PaR,apte,21457,1,I,unique-slp1
491,Pal,apte,21468,1,I,slp1-shared
492,Pal,apte,21468,1,I,slp1-shared
493,baMh,apte,21528,1,I,unique-slp1
494,banD,mw,142512,,I|IV|IX,unique-slp1
495,bal,apte,21600,1,I|X,unique-slp1
496,bAD,mw,144318,,I,unique-slp1
496,bAD,apte,21680,1,I,unique-slp1
497,buD,mw,145569,1,I|IV,unique-slp1
497,buD,apte,21803,1,I|IV,unique-slp1
498,bul,apte,21823,1,X,unique-slp1
499,bfMh,apte,21832,1,I|VI|X,unique-slp1
500,bfh,apte,21835,1,I|VI,slp1-shared
501,bfh,apte,21835,1,I|VI,slp1-shared
502,brU,mw,147490,,II,unique-slp1
502,brU,apte,21885,1,II,unique-slp1
504,Bakz,mw,147534,,I|X,unique-slp1
504,Bakz,apte,21896,1,X,unique-slp1
505,Baj,mw,147598,,I,unique-slp1
505,Baj,apte,21930,1,I|X,unique-slp1
506,BaYj,mw,147928,1,VII,unique-slp1
507,Baw,apte,21940,1,I|X,unique-slp1
508,BaR,mw,148185,,I,unique-slp1
508,BaR,apte,21950,1,I,unique-slp1
509,Ban,apte,21966,1,I,unique-slp1
510,Band,mw,148252,,I,unique-slp1
511,Barts,mw,148908,,I|X,unique-slp1
511,Barts,apte,21999,1,X,unique-slp1
513,Bal,apte,22006,1,I|X,unique-slp1
514,Baz,mw,149277,,I,unique-slp1
514,Baz,apte,22035,1,I,unique-slp1
515,Bas,mw,149289,1,III,unique-slp1
515,Bas,apte,22038,1,I|III,unique-slp1
516,BA,mw,149418,1,II,unique-slp1
516,BA,apte,22053,1,II,unique-slp1
517,BAm,apte,22104,1,I,unique-slp1
518,BAz,mw,150479,1,I,unique-slp1
518,BAz,apte,22145,1,I,unique-slp1
519,BAs,mw,150552,1,I,unique-slp1
519,BAs,apte,22154,1,I,unique-slp1
520,Bikz,mw,150663,,I,unique-slp1
520,Bikz,apte,22167,1,I,unique-slp1
521,Bid,mw,150727,1,I|VII,unique-slp1
521,Bid,apte,22174,1,I|VII,unique-slp1
523,BI,mw,150969,1,I|III|X,unique-slp1
523,BI,apte,22197,1,III,unique-slp1
524,Buj,apte,22220,1,VI|VII,slp1-shared
525,Buj,mw,151348,3,VI|VII,class
525,Buj,apte,22220,1,VI|VII,slp1-shared
526,Bur,mw,151434,,,unique-slp1
528,BU,mw,151456,1,I,unique-slp1
528,BU,apte,22244,1,I|X,unique-slp1
529,BUz,mw,152466,,I,unique-slp1
529,BUz,apte,22270,1,I|X,unique-slp1
530,Bf,mw,152494,1,I|II|III,unique-slp1
530,Bf,apte,22275,1,III,unique-slp1
532,Byas,apte,22371,1,I,unique-slp1
533,BraMS,mw,153448,,I|IV,unique-slp1
533,BraMS,apte,22372,1,I|IV,unique-slp1
534,Bram,mw,153524,,I|IV,unique-slp1
534,Bram,apte,22385,1,I|IV,unique-slp1
535,BrAj,mw,153678,1,I,unique-slp1
535,BrAj,apte,22398,1,I,unique-slp1
536,BrI,mw,153766,,IX,unique-slp1
536,BrI,apte,22428,1,IX,unique-slp1
537,Brez,mw,153856,,I,unique-slp1
537,Brez,apte,22434,1,I,unique-slp1
538,maMh,mw,153892,,I|X,unique-slp1
538,maMh,apte,22440,1,I,unique-slp1
539,majj,mw,154347,,VI,unique-slp1
541,maR,apte,22524,1,I,unique-slp1
543,maRq,mw,154854,,I,unique-slp1
544,maT,mw,155187,1,I|IX,unique-slp1
545,mad,mw,155288,2,I|III|IV,unique-slp1
545,mad,apte,22581,1,IV|X,unique-slp1
546,man,mw,156626,,IV|VIII,unique-slp1
546,man,apte,22629,1,I|IV|VIII|X,unique-slp1
547,mah,mw,159151,1,I|X,unique-slp1
547,mah,apte,22848,1,I|X,unique-slp1
548,mA,apte,22884,1,II|III|IV,slp1-shared
549,mA,apte,22884,1,II|III|IV,slp1-shared
550,mA,apte,22884,1,II|III|IV,slp1-shared
551,mArg,mw,163363,,I|X,unique-slp1
551,mArg,apte,23045,1,I|X,unique-slp1
553,mi,mw,164084,1,V,unique-slp1
553,mi,apte,23136,1,V,unique-slp1
556,miT,mw,164311,,I,unique-slp1
556,miT,apte,23153,1,I,unique-slp1
557,mid,mw,164438,2,I|IV|X,unique-slp1
557,mid,apte,23165,1,I|IV|X,unique-slp1
558,mil,mw,164465,,VI,unique-slp1
558,mil,apte,23172,1,VI,unique-slp1
559,miz,mw,164547,1,VI,unique-slp1
559,miz,apte,23185,1,I|VI,unique-slp1
560,mih,mw,164576,1,I,unique-slp1
560,mih,apte,23188,1,I,unique-slp1
561,mI,mw,164607,1,IX,unique-slp1
561,mI,apte,23193,1,IV|IX|X,unique-slp1
562,mIl,mw,164715,,I,unique-slp1
562,mIl,apte,23204,1,I,unique-slp1
563,mIv,mw,164724,1,I,unique-slp1
563,mIv,apte,23207,1,I,unique-slp1
564,muc,mw,165082,2,VI,unique-slp1
564,muc,apte,23241,1,I|VI,unique-slp1
565,muw,apte,23253,1,I|VI|X,unique-slp1
566,mud,mw,165450,2,I,unique-slp1
566,mud,apte,23265,1,I|X,unique-slp1
567,muz,mw,165859,2,I|VI|IX,unique-slp1
567,muz,apte,23306,1,I|IV|IX,unique-slp1
568,muh,mw,166006,1,IV,unique-slp1
568,muh,apte,23332,1,IV,unique-slp1
569,mU,apte,23342,1,I,unique-slp1
571,mf,mw,166607,,I|VI,slp1-shared
571,mf,apte,23385,1,VI,slp1-shared
572,mf,mw,166607,,I|VI,slp1-shared
572,mf,apte,23385,1,VI,slp1-shared
576,mfj,mw,167121,1,I|II|VI|X,unique-slp1
576,mfj,apte,23397,1,I|II|X,unique-slp1
577,mfq,mw,167161,,VI|IX|X,unique-slp1
577,mfq,apte,23401,1,VI|IX,unique-slp1
578,mfR,apte,23406,1,VI,unique-slp1
579,mfd,mw,167219,1,I|IX,unique-slp1
579,mfd,apte,23422,1,IX,unique-slp1
580,mfD,mw,167410,1,I|VI,unique-slp1
580,mfD,apte,23437,1,I,unique-slp1
581,mfS,mw,167423,1,VI,unique-slp1
581,mfS,apte,23441,1,VI,unique-slp1
582,mfz,mw,167430,1,I|IV|X,unique-slp1
582,mfz,apte,23442,1,I|IV|X,unique-slp1
584,mokz,mw,168318,,I|X,unique-slp1
584,mokz,apte,23528,1,I|X,unique-slp1
585,mnA,mw,168870,,I,unique-slp1
585,mnA,apte,23601,1,I,unique-slp1
586,myakz,mw,168872,,I,unique-slp1
587,mrad,mw,168881,,I,unique-slp1
587,mrad,apte,23606,1,I,unique-slp1
589,mruc,mw,168891,,I,unique-slp1
589,mruc,apte,23608,1,I,unique-slp1
592,mluc,mw,168901,,I,unique-slp1
594,mleC,mw,168905,,I|X,unique-slp1
595,yakz,apte,23630,1,I|X,unique-slp1
597,yaj,mw,169114,1,I,unique-slp1
597,yaj,apte,23637,1,I,unique-slp1
598,yat,mw,169552,2,I|X,unique-slp1
598,yat,apte,23658,1,I,unique-slp1
599,yaB,mw,170253,,I,unique-slp1
599,yaB,apte,23692,1,I,unique-slp1
600,yam,mw,170258,,I,unique-slp1
600,yam,apte,23694,1,I,unique-slp1
601,yas,mw,171002,,IV,unique-slp1
601,yas,apte,23735,1,I|IV,unique-slp1
603,yA,mw,171018,1,II,unique-slp1
603,yA,apte,23738,1,II,unique-slp1
604,yAc,mw,171236,,I,unique-slp1
604,yAc,apte,23741,1,I,unique-slp1
606,yu,mw,171694,2,II|VI|IX,class
606,yu,apte,23819,1,II|III|IX|X,slp1-shared
607,yu,apte,23819,1,II|III|IX|X,slp1-shared
608,yuj,mw,171731,1,VII,unique-slp1
608,yuj,apte,23832,1,I|IV|VII|X,unique-slp1
609,yuD,mw,172012,1,I|IV,unique-slp1
609,yuD,apte,23840,1,IV,unique-slp1
610,yup,mw,172139,,IV,unique-slp1
610,yup,apte,23850,1,IV,unique-slp1
611,yez,apte,23867,1,I,unique-slp1
612,raMh,mw,173028,,I|X,unique-slp1
612,raMh,apte,23914,1,I|X,unique-slp1
613,rakz,mw,173050,1,I,unique-slp1
613,rakz,apte,23927,1,I,unique-slp1
615,rac,mw,173266,,X,unique-slp1
615,rac,apte,23950,1,X,unique-slp1
619,raw,mw,174063,,I,unique-slp1
619,raw,apte,23972,1,I,unique-slp1
621,rad,mw,174789,,I,unique-slp1
621,rad,apte,23998,1,I,unique-slp1
622,raD,mw,174809,,IV,unique-slp1
622,raD,apte,24001,1,IV,unique-slp1
625,rap,mw,174860,,I,unique-slp1
625,rap,apte,24010,1,I,unique-slp1
626,rapS,mw,174863,,,unique-slp1
627,raP,mw,174867,,I,unique-slp1
627,raP,apte,24012,1,I,unique-slp1
628,raB,mw,174870,,I,unique-slp1
628,raB,apte,24013,1,I,unique-slp1
629,ram,mw,174928,,I,unique-slp1
629,ram,apte,24016,1,I,unique-slp1
633,ras,mw,175478,1,I,class
633,ras,apte,24044,1,I|X,unique-slp1
634,rah,mw,175925,,I|X,unique-slp1
634,rah,apte,24061,1,I|X,unique-slp1
635,rA,mw,176008,1,II,slp1-shared
635,rA,apte,24067,1,II,slp1-shared
636,rA,mw,176008,1,II,slp1-shared
636,rA,apte,24067,1,II,slp1-shared
637,rAj,mw,176246,1,I,unique-slp1
637,rAj,apte,24081,1,I,unique-slp1
638,rAD,mw,177153,,IV|V,unique-slp1
638,rAD,apte,24112,1,IV|V,unique-slp1
639,rAs,mw,177844,1,I,slp1-shared
639,rAs,apte,24143,1,I,slp1-shared
640,rAs,mw,177844,1,I,slp1-shared
640,rAs,apte,24143,1,I,slp1-shared
641,ri,apte,24152,1,V|VI|IX,unique-slp1
642,riK,mw,177953,,I|VI,unique-slp1
644,ric,mw,177975,,I|IV|VII|X,unique-slp1
644,ric,apte,24165,1,I|VII|X,unique-slp1
645,rip,mw,178040,1,,unique-slp1
646,riP,mw,178088,,VI,unique-slp1
646,riP,apte,24171,1,VI,unique-slp1
647,riB,mw,178103,,I,unique-slp1
647,riB,apte,24172,1,I,unique-slp1
648,riS,mw,178131,,VI,unique-slp1
648,riS,apte,24178,1,VI,unique-slp1
649,riz,mw,178139,1,I|IV,unique-slp1
649,riz,apte,24182,1,I|IV,unique-slp1
650,rih,mw,178173,,II|VI,unique-slp1
650,rih,apte,24189,1,I,unique-slp1
651,rI,mw,178179,1,IV|IX,unique-slp1
651,rI,apte,24191,1,IV|IX,unique-slp1
652,ru,apte,24199,1,I|II,slp1-shared
653,ru,apte,24199,1,I|II,slp1-shared
654,ruc,mw,178244,1,I,unique-slp1
654,ruc,apte,24208,1,I,unique-slp1
655,ruj,mw,178446,1,VI|X,unique-slp1
655,ruj,apte,24217,1,VI|X,unique-slp1
656,ruW,mw,178489,,I,unique-slp1
656,ruW,apte,24221,1,I,unique-slp1
657,rud,mw,178506,1,II,unique-slp1
657,rud,apte,24227,1,II,unique-slp1
658,ruD,mw,178751,1,I,class
658,ruD,apte,24234,1,I|VII,slp1-shared
659,ruD,apte,24234,1,I|VII,slp1-shared
660,rup,mw,178856,1,IV,unique-slp1
660,rup,apte,24237,1,IV,unique-slp1
661,ruz,mw,178916,1,I|IV|X,unique-slp1
661,ruz,apte,24244,1,I|IV,unique-slp1
662,ruh,mw,178960,1,I,unique-slp1
662,ruh,apte,24248,1,I,unique-slp1
663,rUz,mw,179276,,I|X,unique-slp1
663,rUz,apte,24267,1,I|X,unique-slp1
664,rej,mw,179363,1,I,unique-slp1
664,rej,apte,24281,1,I,unique-slp1
666,reB,apte,24297,1,I,unique-slp1
667,lakz,mw,180331,,I|X,unique-slp1
667,lakz,apte,24386,1,I|X,unique-slp1
668,lag,mw,180704,,I|X,unique-slp1
668,lag,apte,24400,1,I|X,unique-slp1
669,laNG,mw,181121,,I|X,unique-slp1
670,lajj,mw,181156,,VI,unique-slp1
670,lajj,apte,24432,1,VI,unique-slp1
671,laq,apte,24452,1,I|X,unique-slp1
672,lap,mw,181338,1,I,unique-slp1
672,lap,apte,24462,1,I,unique-slp1
673,laB,mw,181359,,I,unique-slp1
673,laB,apte,24467,1,I,unique-slp1
675,lamb,mw,181488,1,I,unique-slp1
676,lal,mw,181587,,I,unique-slp1
676,lal,apte,24493,1,I|X,unique-slp1
677,laz,mw,181985,,I|IV|X,unique-slp1
677,laz,apte,24527,1,I|IV|X,unique-slp1
678,las,mw,181992,1,I|X,unique-slp1
678,las,apte,24530,1,I,unique-slp1
679,lA,mw,182054,1,II,unique-slp1
679,lA,apte,24541,1,II,unique-slp1
680,lAYC,mw,182184,,I,unique-slp1
681,liK,mw,182337,,VI,unique-slp1
681,liK,apte,24618,1,VI,unique-slp1
682,lip,mw,182615,,I|VI,unique-slp1
682,lip,apte,24634,1,VI,unique-slp1
683,liS,mw,182704,1,IV|VI,unique-slp1
683,liS,apte,24649,1,IV|VI,unique-slp1
684,lih,mw,182726,1,II,unique-slp1
684,lih,apte,24652,1,II,unique-slp1
685,lI,mw,182753,1,I|IV|IX,slp1-shared
685,lI,apte,24654,1,I|IV|IX,slp1-shared
686,lI,mw,182753,1,I|IV|IX,slp1-shared
686,lI,apte,24654,1,I|IV|IX,slp1-shared
687,luYc,mw,182888,,I,unique-slp1
688,luW,mw,182908,2,VI,class
688,luW,apte,24670,1,I|VI|X,slp1-shared
689,luW,mw,182907,1,I|X,class
689,luW,apte,24670,1,I|VI|X,slp1-shared
690,luq,mw,182922,,I|VI,unique-slp1
690,luq,apte,24673,1,I|VI,unique-slp1
691,lup,mw,182956,1,IV|VI,unique-slp1
691,lup,apte,24687,1,IV|VI,unique-slp1
692,luB,mw,183010,,IV|VI,unique-slp1
692,luB,apte,24689,1,IV|VI,unique-slp1
693,lul,mw,183058,,I,unique-slp1
693,lul,apte,24695,1,I,unique-slp1
694,lU,mw,183125,1,IX,unique-slp1
694,lU,apte,24701,1,IX,unique-slp1
695,lok,mw,183229,,I|X,unique-slp1
695,lok,apte,24744,1,I|X,unique-slp1
696,loc,mw,183561,,I|X,unique-slp1
696,loc,apte,24750,1,I|X,unique-slp1
698,vakz,mw,184521,,I,unique-slp1
698,vakz,apte,24839,1,I,unique-slp1
699,vac,mw,184615,,II|III,unique-slp1
699,vac,apte,24857,1,II,unique-slp1
700,vaj,apte,24874,1,I|X,unique-slp1
701,vaYc,mw,185127,,I,unique-slp1
702,vaRw,mw,185343,,I|X,unique-slp1
704,vad,mw,185521,,I,unique-slp1
704,vad,apte,24938,1,I,unique-slp1
705,vaD,mw,185579,,,unique-slp1
705,vaD,apte,24950,1,I,unique-slp1
706,van,mw,185710,1,I|VIII,unique-slp1
706,van,apte,24967,1,I|VIII|X,unique-slp1
707,vand,mw,186179,,I,unique-slp1
708,vap,apte,25005,1,I,slp1-shared
709,vap,apte,25005,1,I,slp1-shared
710,vam,mw,186417,,I,unique-slp1
710,vam,apte,25021,1,I,unique-slp1
711,val,mw,188075,,I,unique-slp1
711,val,apte,25191,1,I,unique-slp1
712,valg,mw,188205,,I,unique-slp1
712,valg,apte,25220,1,I,unique-slp1
713,valh,apte,25247,1,I|X,unique-slp1
714,vaS,mw,188394,,I|II|III,unique-slp1
714,vaS,apte,25249,1,II,unique-slp1
715,vas,apte,25269,1,I|II|IV|X,slp1-shared
716,vas,apte,25269,1,I|II|IV|X,slp1-shared
717,vas,mw,189096,5,I|X,class
717,vas,apte,25269,1,I|II|IV|X,slp1-shared
718,vah,mw,189238,1,I,unique-slp1
718,vah,apte,25305,1,I,unique-slp1
719,vA,mw,189436,2,II,slp1-shared
719,vA,apte,25325,1,II|IV|X,slp1-shared
720,vA,mw,189436,2,II,slp1-shared
720,vA,apte,25325,1,II|IV|X,slp1-shared
722,vAYC,mw,190461,,I,unique-slp1
723,vAS,mw,192249,,IV,unique-slp1
723,vAS,apte,25533,1,IV,unique-slp1
724,vAh,mw,192697,1,I,unique-slp1
724,vAh,apte,25578,1,I,unique-slp1
725,vic,mw,194682,,III|VII,slp1-shared
725,vic,apte,25755,1,III|VII,slp1-shared
726,vic,mw,194682,,III|VII,slp1-shared
726,vic,apte,25755,1,III|VII,slp1-shared
727,vij,mw,194956,1,I|III|VI,unique-slp1
727,vij,apte,25806,1,III|VI|VII,unique-slp1
728,vid,apte,25920,1,II|IV|VI|VII|X,slp1-shared
729,vid,apte,25920,1,II|IV|VI|VII|X,slp1-shared
730,viD,apte,25978,1,I|VI,slp1-shared
731,viD,apte,25978,1,I|VI,slp1-shared
733,vip,mw,197416,1,I,unique-slp1
733,vip,apte,26098,1,X,unique-slp1
734,viS,mw,200376,1,VI,unique-slp1
734,viS,apte,26517,1,VI,unique-slp1
735,viz,mw,201614,1,I|III,class
735,viz,apte,26608,1,I|III|IX,unique-slp1
737,vI,mw,203329,1,II,unique-slp1
737,vI,apte,26780,1,II,unique-slp1
738,vIj,mw,203453,,I|X,unique-slp1
738,vIj,apte,26790,1,I|X,unique-slp1
739,vIq,mw,203469,,,unique-slp1
740,vf,apte,26835,1,I|V|IX|X,slp1-shared
741,vf,apte,26835,1,I|V|IX|X,slp1-shared
743,vfj,mw,204309,1,I|II|VII,unique-slp1
743,vfj,apte,26847,1,I|II|VII|X,unique-slp1
744,vft,mw,204340,1,I,unique-slp1
744,vft,apte,26851,1,I|IV|X,unique-slp1
745,vfD,mw,204573,,I|X,unique-slp1
745,vfD,apte,26857,1,I|X,unique-slp1
746,vfz,mw,204858,,I,unique-slp1
746,vfz,apte,26876,1,I|X,unique-slp1
748,ven,mw,206222,,I,unique-slp1
748,ven,apte,26959,1,I,unique-slp1
749,vell,mw,206315,,I,unique-slp1
749,vell,apte,26972,1,I,unique-slp1
750,vezw,mw,206478,,I,unique-slp1
750,vezw,apte,26991,1,I,unique-slp1
751,vyac,mw,208354,1,III|VI,unique-slp1
751,vyac,apte,27187,1,VI,unique-slp1
753,vyaT,mw,208633,,I,unique-slp1
753,vyaT,apte,27224,1,I,unique-slp1
754,vyaD,mw,208671,,IV,unique-slp1
754,vyaD,apte,27229,1,IV,unique-slp1
755,vyay,apte,27269,1,I|X,unique-slp1
757,vraj,mw,210432,,I|X,unique-slp1
757,vraj,apte,27464,1,I|X,unique-slp1
760,vraSc,mw,210711,,VI,unique-slp1
760,vraSc,apte,27478,1,VI,unique-slp1
762,vrIq,mw,210765,,I|IV|X,unique-slp1
762,vrIq,apte,27486,1,IV,unique-slp1
763,vruq,apte,27492,1,VI,unique-slp1
765,vlI,mw,210822,,IX,unique-slp1
765,vlI,apte,27495,1,IX,unique-slp1
766,SaMs,mw,210841,,I,unique-slp1
766,SaMs,apte,27500,1,I,unique-slp1
767,Sak,mw,210897,,V,unique-slp1
767,Sak,apte,27507,1,IV|V,unique-slp1
768,SaNk,mw,211426,,I,unique-slp1
770,Sad,mw,212483,2,I|VI,slp1-shared
770,Sad,apte,27593,1,I,slp1-shared
771,Sad,mw,212483,2,I|VI,slp1-shared
771,Sad,apte,27593,1,I,slp1-shared
772,Sap,mw,212543,3,I|IV,unique-slp1
772,Sap,apte,27604,1,I|IV,unique-slp1
773,Sam,mw,212911,1,IV|IX,slp1-shared
773,Sam,apte,27619,1,IV|IX|X,slp1-shared
774,Sam,mw,212911,1,IV|IX,slp1-shared
774,Sam,apte,27619,1,IV|IX|X,slp1-shared
775,Sam,mw,212911,1,IV|IX,slp1-shared
775,Sam,apte,27619,1,IV|IX|X,slp1-shared
776,Sal,apte,27697,1,I|X,unique-slp1
777,SaS,apte,27725,1,I,unique-slp1
778,Sas,mw,214531,1,I,unique-slp1
778,Sas,apte,27734,1,I|II,unique-slp1
780,SAs,mw,216290,1,II,slp1-shared
780,SAs,apte,27898,1,II,slp1-shared
781,SAs,mw,216290,1,II,slp1-shared
781,SAs,apte,27898,1,II,slp1-shared
782,Sikz,mw,216517,,I,unique-slp1
782,Sikz,apte,27919,1,I,unique-slp1
784,SiYj,mw,216845,,I|II|X,unique-slp1
787,Siz,mw,218104,2,VII|X,unique-slp1
787,Siz,apte,28011,1,I|VII|X,unique-slp1
788,SI,mw,218170,1,I|II,slp1-shared
788,SI,apte,28016,1,II,slp1-shared
789,SI,mw,218170,1,I|II,slp1-shared
789,SI,apte,28016,1,II,slp1-shared
790,Suc,mw,219184,1,I|IV,unique-slp1
790,Suc,apte,28071,1,I|IV,unique-slp1
792,SuD,mw,219366,,I|IV,unique-slp1
792,SuD,apte,28092,1,IV,unique-slp1
793,SuB,mw,219616,1,I|VI,unique-slp1
793,SuB,apte,28106,1,I,unique-slp1
794,Suz,mw,219943,1,IV,class
794,Suz,apte,28129,1,IV,slp1-shared
795,Suz,apte,28129,1,IV,slp1-shared
800,SfD,mw,220772,,I,unique-slp1
800,SfD,apte,28196,1,I|X,unique-slp1
803,Scut,mw,221945,1,I,unique-slp1
804,SnaT,mw,221953,,I,unique-slp1
806,SraT,mw,222382,,IX,unique-slp1
806,SraT,apte,28348,1,I|IX|X,unique-slp1
808,Sram,mw,222401,1,IV,unique-slp1
808,Sram,apte,28360,1,IV,unique-slp1
810,SrA,mw,222686,,I|II|IV,unique-slp1
810,SrA,apte,28374,1,II,unique-slp1
811,Sri,mw,222829,1,I,unique-slp1
811,Sri,apte,28392,1,I,unique-slp1
812,Sriz,apte,28395,1,I,unique-slp1
813,SrI,mw,222857,1,IX,slp1-shared
813,SrI,apte,28396,1,IX,slp1-shared
814,SrI,mw,222857,1,IX,slp1-shared
814,SrI,apte,28396,1,IX,slp1-shared
815,Sru,mw,223393,1,V,unique-slp1
815,Sru,apte,28402,1,I|V,unique-slp1
817,SlaT,mw,223994,,I,unique-slp1
817,SlaT,apte,28436,1,X,unique-slp1
819,SlAG,mw,224011,,I,unique-slp1
819,SlAG,apte,28439,1,I,unique-slp1
820,Sliz,mw,224043,2,IV,unique-slp1
820,Sliz,apte,28446,1,I|IV|X,unique-slp1
822,Svas,mw,224373,1,II,unique-slp1
822,Svas,apte,28483,1,II,unique-slp1
824,Svit,apte,28499,1,I,unique-slp1
827,saG,apte,28843,1,V,unique-slp1
828,sac,mw,228852,1,I,unique-slp1
828,sac,apte,28949,1,I|III,unique-slp1
830,sad,mw,230505,2,I|VI,unique-slp1
830,sad,apte,29078,1,I|VI,unique-slp1
831,san,mw,231023,1,I|VIII,unique-slp1
831,san,apte,29105,1,I|VIII,unique-slp1
832,sap,mw,232210,1,I,unique-slp1
832,sap,apte,29252,1,I,unique-slp1
833,sarj,apte,29848,1,I,unique-slp1
834,saSc,apte,29920,1,I,unique-slp1
835,sas,mw,239787,,II,unique-slp1
835,sas,apte,29923,1,II,unique-slp1
836,sah,mw,239967,1,I|X,unique-slp1
836,sah,apte,29936,1,I|IV,unique-slp1
839,sAD,mw,241500,1,I|IV|V,unique-slp1
839,sAD,apte,30037,1,IV|V,unique-slp1
840,si,mw,243722,1,V|IX,unique-slp1
840,si,apte,30260,1,V|IX,unique-slp1
841,sic,mw,244032,1,VI,unique-slp1
841,sic,apte,30276,1,VI,unique-slp1
842,siD,mw,244298,2,I,class
842,siD,apte,30288,1,I|IV,slp1-shared
843,siD,mw,244301,3,IV,class
843,siD,apte,30288,1,I|IV,slp1-shared
846,su,mw,245241,3,V,unique-slp1
846,su,apte,30352,1,I|II,unique-slp1
849,sU,apte,30417,1,II|IV|VI,unique-slp1
850,sUd,mw,251301,1,I|X,unique-slp1
850,sUd,apte,30453,1,I|X,unique-slp1
851,sUrkz,apte,30473,1,I|IV,unique-slp1
852,sf,mw,251838,,I|III|X,unique-slp1
852,sf,apte,30483,1,I|III,unique-slp1
854,sfj,mw,251924,1,VI,unique-slp1
854,sfj,apte,30499,1,IV|VI,unique-slp1
855,sfp,mw,252008,,I,unique-slp1
855,sfp,apte,30511,1,I,unique-slp1
856,sev,mw,252262,,I,unique-slp1
856,sev,apte,30543,1,I,unique-slp1
857,skand,mw,254077,,I,unique-slp1
858,skamB,mw,254241,,I|V|IX,unique-slp1
859,sku,mw,254257,,V|IX,unique-slp1
859,sku,apte,30723,1,V|IX,unique-slp1
861,sKal,mw,254272,,I,unique-slp1
861,sKal,apte,30728,1,I,unique-slp1
862,stan,mw,254307,,I,unique-slp1
862,stan,apte,30733,1,I|X,unique-slp1
863,stamB,mw,254463,,I|V|IX,unique-slp1
865,stiG,mw,254590,,V,unique-slp1
865,stiG,apte,30768,1,V,unique-slp1
866,stim,apte,30771,1,IV,unique-slp1
867,stu,mw,254632,1,II,slp1-shared
867,stu,apte,30775,1,II,slp1-shared
868,stu,mw,254632,1,II,slp1-shared
868,stu,apte,30775,1,II,slp1-shared
869,stuB,mw,254799,1,I,unique-slp1
869,stuB,apte,30783,1,I,unique-slp1
870,stf,mw,254842,1,V|IX,unique-slp1
870,stf,apte,30788,1,V,unique-slp1
871,stfh,apte,30792,1,VI,unique-slp1
873,sTag,mw,255154,,I,unique-slp1
873,sTag,apte,30826,1,I,unique-slp1
874,sTA,mw,255316,1,I,unique-slp1
874,sTA,apte,30846,1,I,unique-slp1
875,snA,mw,256200,1,II|IV,unique-slp1
875,snA,apte,30904,1,II,unique-slp1
876,snih,mw,256298,1,I|IV|X,unique-slp1
876,snih,apte,30917,1,IV,unique-slp1
877,snu,mw,256456,1,II,unique-slp1
877,snu,apte,30921,1,II,unique-slp1
878,spand,mw,256488,,I,unique-slp1
879,spaS,mw,256550,1,,unique-slp1
879,spaS,apte,30953,1,I,unique-slp1
881,spf,mw,256588,1,V,unique-slp1
881,spf,apte,30957,1,V,unique-slp1
883,spfS,mw,256602,1,VI,unique-slp1
883,spfS,apte,30958,1,VI,unique-slp1
884,spfh,mw,256712,1,X,unique-slp1
884,spfh,apte,30965,1,X,unique-slp1
885,sPaw,apte,30974,1,I,unique-slp1
889,sPuw,mw,256860,,I|VI,unique-slp1
889,sPuw,apte,31002,1,I|VI|X,unique-slp1
890,sPur,mw,256968,1,VI,unique-slp1
890,sPur,apte,31013,1,VI,unique-slp1
893,smi,mw,257075,,I,unique-slp1
893,smi,apte,31049,1,I,unique-slp1
894,smf,mw,257112,2,I,unique-slp1
894,smf,apte,31055,1,I|V,unique-slp1
895,syand,mw,257403,,I,unique-slp1
896,sraMs,mw,257528,1,I,unique-slp1
896,sraMs,apte,31079,1,I,unique-slp1
897,sriD,apte,31101,1,I,unique-slp1
899,sru,mw,257621,,I,unique-slp1
899,sru,apte,31105,1,I,unique-slp1
900,svaj,mw,258776,,I,unique-slp1
901,svad,mw,258787,,I,unique-slp1
901,svad,apte,31132,1,I|X,unique-slp1
902,svan,mw,258909,1,I,unique-slp1
902,svan,apte,31137,1,I,unique-slp1
903,svap,mw,258948,1,II,unique-slp1
903,svap,apte,31142,1,I|II,unique-slp1
904,svar,apte,31148,1,X,unique-slp1
906,svid,mw,259802,2,I,unique-slp1
906,svid,apte,31210,1,I|IV,unique-slp1
907,had,mw,260291,,I,unique-slp1
907,had,apte,31248,1,I,unique-slp1
908,han,mw,260297,1,I|II,unique-slp1
908,han,apte,31251,1,II,unique-slp1
910,has,mw,262056,1,I,unique-slp1
910,has,apte,31330,1,I,unique-slp1
911,hA,apte,31352,1,III,slp1-shared
912,hA,apte,31352,1,III,slp1-shared
914,hi,mw,262717,1,V,unique-slp1
914,hi,apte,31398,1,V,unique-slp1
915,hiMs,mw,262731,1,I|VII|X,unique-slp1
915,hiMs,apte,31399,1,I|VII|X,unique-slp1
916,hikk,apte,31411,1,I|X,unique-slp1
918,hIq,mw,263406,,,unique-slp1
919,hu,mw,263443,1,III,unique-slp1
919,hu,apte,31462,1,III,unique-slp1
923,hf,mw,263626,1,I,class
923,hf,apte,31486,1,I|III,slp1-shared
924,hf,mw,263654,2,IX,class
924,hf,apte,31486,1,I|III,slp1-shared
925,hfz,mw,263915,,I|IV,unique-slp1
925,hfz,apte,31499,1,I|IV,unique-slp1
926,heW,apte,31506,1,I,unique-slp1
927,heq,apte,31508,1,I,unique-slp1
928,hez,mw,264415,1,I,unique-slp1
928,hez,apte,31536,1,I,unique-slp1
929,hnu,mw,264643,,II,unique-slp1
929,hnu,apte,31579,1,II,unique-slp1
930,hras,mw,264681,,I,unique-slp1
930,hras,apte,31592,1,I,unique-slp1
931,hrAd,mw,264747,,I,unique-slp1
931,hrAd,apte,31601,1,I,unique-slp1
932,hrI,mw,264772,1,III,unique-slp1
932,hrI,apte,31607,1,III,unique-slp1
934,hrez,mw,264815,,I,unique-slp1
934,hrez,apte,31617,1,I,unique-slp1
935,hlAd,mw,264827,,I,unique-slp1
935,hlAd,apte,31624,1,I,unique-slp1
936,hval,mw,264858,,I,unique-slp1
936,hval,apte,31630,1,I,unique-slp1
937,hvf,mw,264863,,I,unique-slp1
937,hvf,apte,31631,1,I,unique-slp1
