whitney_no,gana,certainty
2,I,certain
3,V,certain
4,I,certain
5,I,certain
6,I,certain
7,I,certain
7,VII,certain
8,I,certain
9,VI,certain
10,I,certain
11,I,certain
11,II,certain
12,I,certain
12,II,certain
12,VI,certain
13,I,certain
13,II,certain
15,I,certain
18,I,certain
19,I,certain
20,V,certain
20,IX,uncertain
21,I,certain
21,IX,certain
22,II,certain
23,I,certain
23,IV,certain
25,I,certain
26,V,certain
27,IV,certain
28,I,certain
28,II,certain
28,IV,certain
29,I,certain
29,IV,certain
29,V,certain
30,I,certain
30,V,certain
30,IX,certain
31,I,certain
35,I,certain
41,VI,certain
42,I,certain
42,IV,certain
42,VI,certain
43,IV,certain
43,VI,certain
43,IX,certain
45,I,certain
46,I,certain
48,I,certain
48,II,certain
49,I,certain
49,II,certain
50,I,certain
51,I,certain
51,II,certain
52,I,certain
53,I,certain
54,I,certain
54,II,certain
54,V,certain
55,VI,certain
57,IV,certain
59,VI,certain
60,VI,certain
61,VI,certain
61,VII,certain
62,VI,certain
63,VI,certain
63,VII,certain
63,IX,certain
65,I,certain
65,IX,certain
67,I,certain
68,I,certain
68,II,certain
69,II,certain
69,III,certain
69,V,certain
69,VI,certain
69,IX,certain
74,I,certain
74,VI,certain
74,VII,certain
75,IV,certain
75,V,certain
75,VII,certain
77,I,certain
77,VI,certain
78,I,certain
79,I,certain
80,I,certain
81,X,certain
83,IV,certain
85,I,certain
86,I,certain
86,III,certain
87,I,certain
88,I,certain
90,I,certain
91,I,certain
92,I,certain
94,I,certain
94,VI,certain
95,I,certain
99,IV,certain
100,VI,certain
100,IX,certain
101,II,certain
101,VI,certain
102,I,certain
104,I,certain
105,I,certain
106,I,certain
106,II,certain
106,V,certain
106,VIII,certain
107,VI,certain
109,I,certain
109,VI,certain
110,VII,certain
111,I,certain
112,IV,certain
113,I,certain
113,VI,certain
114,I,certain
115,IV,certain
116,I,certain
117,I,certain
118,I,certain
119,I,certain
119,IV,certain
120,IX,certain
121,I,certain
123,IV,certain
124,I,certain
126,I,certain
128,IV,certain
130,I,certain
130,IV,certain
131,IV,certain
131,IX,certain
132,I,certain
133,I,certain
134,I,certain
135,VIII,certain
136,I,certain
137,I,certain
137,IV,certain
138,I,certain
140,IV,certain
141,I,certain
141,II,certain
141,VI,certain
142,I,certain
142,II,certain
142,IV,certain
142,V,certain
142,IX,certain
143,VI,certain
144,II,certain
145,I,certain
145,VII,certain
146,IV,certain
147,VI,certain
148,I,certain
148,IV,certain
148,V,certain
148,IX,certain
149,II,certain
150,IV,certain
151,I,certain
152,I,certain
153,I,certain
154,I,certain
155,I,certain
156,VI,certain
157,I,certain
158,I,certain
159,I,certain
161,I,certain
162,IV,certain
162,VI,certain
162,VII,certain
163,VI,certain
164,I,certain
165,II,certain
167,I,certain
170,I,certain
170,II,certain
171,I,certain
172,I,certain
173,I,certain
174,I,certain
175,I,certain
176,I,certain
176,II,certain
177,I,certain
177,IV,certain
178,I,certain
180,I,certain
181,I,certain
183,I,certain
184,I,certain
185,VI,certain
187,I,certain
188,I,certain
190,VI,certain
190,IX,certain
191,VI,certain
191,IX,certain
192,II,certain
192,VI,certain
193,IV,certain
195,I,certain
195,VII,certain
195,IX,certain
196,I,certain
196,IX,certain
197,I,certain
199,I,certain
200,II,certain
200,IV,certain
201,I,certain
202,I,certain
204,I,certain
205,I,certain
206,I,certain
206,IV,certain
207,I,certain
207,VI,certain
208,I,certain
208,III,certain
209,I,certain
210,I,certain
210,II,certain
210,III,certain
211,I,certain
212,II,certain
213,I,certain
213,II,certain
214,I,certain
215,I,certain
216,I,certain
219,I,certain
219,V,certain
220,I,certain
222,IV,certain
223,I,certain
224,I,certain
225,I,certain
225,II,certain
225,V,certain
226,I,certain
226,III,certain
226,V,certain
227,I,certain
229,I,certain
230,I,certain
231,I,certain
234,IV,certain
235,I,certain
235,VI,certain
236,I,certain
237,I,certain
238,I,certain
239,I,certain
240,I,certain
240,II,certain
242,VII,certain
245,I,certain
245,VII,certain
246,I,certain
246,II,certain
247,II,certain
248,V,certain
249,I,certain
249,II,certain
249,III,certain
249,IV,certain
250,I,certain
251,I,certain
252,I,certain
254,I,certain
255,I,certain
255,IV,certain
258,I,certain
258,II,certain
259,I,certain
259,V,certain
260,I,certain
262,II,certain
262,VI,certain
263,I,certain
263,IX,certain
264,I,certain
265,I,certain
265,IV,certain
265,VI,certain
266,I,certain
267,I,certain
268,I,certain
269,I,certain
269,IX,certain
270,IV,certain
270,IX,certain
271,I,certain
272,I,certain
273,I,certain
274,I,certain
277,I,certain
278,I,certain
279,I,certain
280,I,certain
283,I,certain
284,I,certain
284,IV,certain
286,I,certain
287,I,certain
288,I,certain
288,II,certain
289,I,certain
289,II,certain
289,V,certain
290,VII,certain
292,II,certain
293,VIII,certain
294,IV,certain
295,I,certain
296,I,certain
296,IV,certain
297,IV,certain
299,I,certain
302,I,certain
303,I,certain
304,V,certain
305,I,certain
306,IV,certain
309,II,certain
311,I,certain
311,VI,certain
311,VII,certain
312,VI,certain
312,VII,certain
314,I,certain
315,I,certain
316,I,certain
317,IV,certain
319,I,certain
319,III,certain
319,IV,certain
319,VI,certain
319,VIII,certain
320,I,certain
320,VII,certain
321,I,certain
321,IV,certain
321,V,certain
321,VI,certain
322,IV,certain
323,VI,certain
323,VII,certain
324,I,certain
325,I,certain
326,I,certain
326,IV,certain
327,II,certain
327,IV,certain
328,IV,certain
328,VI,certain
329,I,certain
329,II,certain
330,I,certain
332,I,certain
333,I,certain
333,II,certain
333,IV,certain
333,VI,certain
334,I,certain
335,I,certain
337,I,certain
338,V,certain
342,I,certain
342,V,certain
343,IV,certain
344,I,certain
346,I,certain
347,I,certain
347,IV,certain
348,I,certain
348,II,certain
348,IV,certain
349,I,certain
349,II,certain
349,III,certain
349,IV,certain
350,I,certain
350,VI,certain
351,II,uncertain
351,VI,uncertain
352,IV,uncertain
353,I,certain
353,II,certain
353,V,certain
356,III,certain
356,IV,certain
356,VI,certain
357,II,certain
358,IV,certain
360,I,certain
362,IV,certain
363,IV,certain
364,I,certain
365,V,certain
368,IV,certain
369,II,certain
369,IV,certain
369,VI,certain
371,II,certain
371,IX,certain
373,I,certain
373,IV,certain
374,I,certain
374,VI,certain
375,IV,certain
376,I,certain
376,IV,certain
376,VI,certain
379,I,certain
381,II,certain
382,II,certain
382,IV,certain
384,I,certain
385,IV,certain
386,IX,certain
388,II,certain
388,VI,certain
389,I,certain
389,III,certain
390,I,certain
391,I,certain
391,II,certain
392,I,certain
393,I,certain
393,II,certain
393,III,certain
393,IV,certain
394,IV,uncertain
395,I,certain
396,I,certain
397,V,certain
398,II,certain
398,III,uncertain
399,I,certain
400,II,certain
400,V,certain
400,VI,certain
400,IX,certain
401,I,certain
402,I,certain
403,I,certain
403,V,certain
403,II,uncertain
405,II,certain
405,IV,certain
406,I,certain
407,I,certain
408,I,certain
409,I,certain
411,I,certain
412,I,certain
413,I,certain
414,I,certain
415,I,certain
415,IV,certain
415,IX,certain
416,I,certain
417,I,certain
418,I,certain
418,IV,certain
419,I,certain
420,I,certain
421,I,certain
421,IV,certain
422,I,certain
423,II,certain
424,I,certain
425,II,certain
425,III,certain
426,I,certain
427,I,certain
427,II,certain
427,III,uncertain
429,I,certain
429,II,certain
429,VI,certain
430,I,certain
430,II,certain
431,VI,certain
433,IV,certain
434,I,certain
435,I,certain
435,IV,certain
436,I,certain
437,I,certain
438,I,certain
439,I,certain
440,I,certain
441,IV,certain
442,I,certain
443,II,certain
443,IV,certain
444,I,certain
445,I,certain
446,IV,certain
448,I,certain
448,II,certain
448,III,certain
449,II,certain
451,I,certain
452,I,certain
452,V,certain
452,II,uncertain
452,III,uncertain
453,I,certain
454,I,certain
455,VI,certain
456,VI,certain
456,VII,certain
457,IV,certain
461,I,certain
462,VI,certain
464,I,certain
464,IV,certain
464,IX,certain
465,I,certain
465,IX,certain
466,I,certain
467,I,certain
469,III,certain
469,IV,certain
469,V,certain
469,VI,certain
469,IX,certain
470,I,certain
470,II,certain
470,III,certain
471,V,certain
472,I,certain
472,III,certain
472,VII,certain
476,IV,certain
477,VI,certain
478,I,certain
479,II,certain
480,IV,certain
480,IX,certain
481,I,certain
482,I,certain
483,IV,certain
483,V,certain
483,VI,certain
483,IX,certain
485,I,certain
485,II,uncertain
486,I,certain
487,II,certain
488,I,certain
489,I,certain
491,I,certain
492,I,certain
493,I,certain
494,I,certain
494,IX,certain
496,I,certain
497,I,certain
497,IV,certain
500,I,certain
500,VI,certain
502,II,certain
502,VI,certain
504,I,certain
505,I,certain
505,II,certain
506,VII,certain
508,I,certain
509,I,certain
510,I,certain
511,I,certain
512,I,certain
513,I,certain
514,I,certain
515,III,certain
515,I,uncertain
516,II,certain
517,I,certain
518,I,certain
519,I,certain
520,I,certain
521,VII,certain
522,II,certain
522,VII,uncertain
523,I,certain
523,III,certain
524,VI,certain
525,VII,certain
525,I,uncertain
526,VI,certain
528,I,certain
529,I,certain
530,I,certain
530,II,certain
530,III,certain
531,IV,certain
531,VI,certain
532,I,certain
533,I,certain
533,IV,certain
534,I,certain
534,IV,certain
535,I,certain
536,IX,certain
537,I,certain
538,I,certain
539,I,certain
540,I,certain
543,I,certain
544,I,certain
544,IX,certain
545,I,certain
545,II,certain
545,III,certain
545,IV,certain
546,III,certain
546,IV,certain
546,VIII,certain
548,II,certain
548,III,certain
548,IV,certain
549,I,certain
550,III,certain
551,I,certain
554,I,certain
554,III,certain
556,I,certain
556,VI,uncertain
558,VI,certain
559,VI,certain
560,I,certain
561,III,certain
561,IV,certain
561,V,certain
561,IX,certain
562,I,certain
563,I,certain
564,VI,certain
565,I,certain
566,I,certain
567,I,certain
567,VI,certain
567,IX,certain
568,IV,certain
570,I,certain
571,I,certain
572,VI,certain
572,IX,certain
573,I,certain
573,VI,certain
574,IV,certain
575,I,certain
576,I,certain
576,II,certain
576,VI,certain
576,VII,certain
577,VI,certain
577,IX,certain
579,I,certain
579,IX,certain
580,I,certain
580,VI,certain
581,VI,certain
582,I,certain
582,IV,certain
585,I,certain
585,II,certain
586,I,certain
588,IV,uncertain
589,I,certain
590,I,certain
591,II,certain
591,IV,certain
594,I,certain
595,I,certain
597,I,certain
597,II,certain
598,I,certain
599,I,certain
600,I,certain
600,II,certain
601,I,certain
601,III,certain
601,IV,certain
603,II,certain
604,I,certain
605,I,certain
606,II,certain
606,VI,certain
606,IX,certain
607,I,certain
607,III,certain
607,VI,certain
608,II,certain
608,VII,certain
608,VI,uncertain
609,I,certain
609,II,certain
609,IV,certain
610,IV,certain
612,I,certain
613,I,certain
614,I,certain
617,I,certain
617,IV,certain
619,I,certain
620,I,certain
621,I,certain
621,II,certain
622,II,certain
622,IV,certain
623,I,certain
623,IV,certain
624,I,certain
625,I,certain
626,I,certain
628,I,certain
629,I,certain
629,IX,certain
630,I,certain
631,I,certain
633,I,certain
634,I,certain
635,I,certain
635,II,certain
635,III,certain
636,IV,certain
637,I,certain
637,II,certain
638,V,certain
638,IV,certain
639,I,certain
641,IV,certain
641,V,certain
641,VI,certain
641,IX,certain
642,VI,certain
643,I,certain
644,VII,certain
644,IV,uncertain
646,I,certain
646,VI,certain
647,I,certain
648,VI,certain
649,I,certain
649,IV,certain
650,II,certain
652,I,certain
652,II,certain
652,VI,certain
653,I,certain
653,II,certain
654,I,certain
655,VI,certain
655,II,uncertain
656,I,certain
657,I,certain
657,II,certain
657,VI,certain
658,I,certain
658,VI,certain
659,I,certain
659,II,certain
659,VII,certain
659,VI,uncertain
660,IV,certain
661,I,certain
661,IV,certain
661,VI,certain
662,I,certain
662,VI,certain
664,I,certain
665,I,certain
667,I,certain
668,I,certain
669,I,certain
670,VI,certain
671,I,certain
672,I,certain
672,IV,certain
673,I,certain
675,I,certain
676,I,certain
677,I,certain
677,IV,certain
678,I,certain
679,II,certain
681,VI,certain
682,VI,certain
683,IV,certain
683,VI,certain
684,II,certain
684,VI,certain
685,I,certain
685,IV,certain
685,IX,certain
687,I,certain
688,VI,certain
689,I,certain
690,I,certain
691,VI,certain
692,I,certain
692,IV,certain
692,VI,certain
693,I,certain
694,V,certain
694,IX,certain
695,I,certain
696,I,certain
698,VI,certain
699,II,certain
699,III,certain
700,I,certain
701,I,certain
702,I,certain
703,I,certain
704,I,certain
705,I,uncertain
706,I,certain
706,VI,certain
706,VIII,certain
707,I,certain
708,I,certain
709,I,certain
710,I,certain
710,II,certain
711,I,certain
712,I,certain
713,I,certain
714,I,certain
714,II,certain
714,III,certain
714,VI,certain
715,II,certain
715,VI,certain
716,II,certain
716,VI,certain
717,I,certain
718,I,certain
718,II,certain
719,II,certain
719,IV,certain
720,IV,certain
722,I,certain
723,I,certain
723,IV,certain
724,I,certain
725,III,certain
725,VII,certain
727,I,certain
727,VI,certain
728,I,certain
728,II,certain
728,VI,certain
729,II,certain
729,VI,certain
730,VI,certain
732,VI,certain
733,I,certain
734,VI,certain
735,I,certain
735,III,certain
736,I,certain
737,II,certain
738,I,certain
740,I,certain
740,V,certain
740,IX,certain
741,V,certain
741,IX,certain
742,I,certain
743,VII,certain
744,I,certain
744,II,certain
744,III,certain
745,I,certain
746,I,certain
746,VI,certain
747,VI,certain
748,I,certain
749,I,certain
751,III,certain
751,VI,certain
753,I,certain
754,IV,certain
755,I,certain
756,IV,uncertain
757,I,certain
758,I,certain
759,I,certain
760,I,certain
760,VI,certain
761,I,certain
762,I,certain
762,IV,certain
763,I,certain
765,IX,certain
766,I,certain
767,V,certain
768,I,certain
772,I,certain
772,IV,certain
773,I,certain
773,II,certain
773,IV,certain
773,IX,certain
774,I,certain
774,IV,certain
776,I,certain
777,I,certain
778,I,certain
778,II,certain
779,III,certain
779,VI,uncertain
780,I,certain
780,II,certain
784,II,certain
787,I,certain
787,VII,certain
787,VI,uncertain
788,IV,uncertain
789,I,certain
789,II,certain
790,I,certain
790,II,certain
790,IV,certain
792,I,certain
792,II,certain
792,IV,certain
793,I,certain
793,VI,certain
794,IV,certain
796,I,uncertain
797,IV,certain
797,VI,certain
797,IX,certain
800,I,certain
801,I,certain
803,I,certain
804,I,certain
804,II,certain
805,IV,uncertain
806,I,certain
806,IX,certain
806,VI,uncertain
807,I,certain
808,I,certain
808,IV,certain
809,I,certain
810,II,certain
810,IX,certain
810,IV,uncertain
811,I,certain
813,IX,certain
815,II,certain
815,V,certain
816,I,certain
818,IV,certain
819,I,certain
820,I,certain
820,IV,certain
821,I,certain
822,I,certain
822,II,certain
825,I,certain
825,IV,certain
827,V,certain
828,I,certain
828,III,certain
829,I,certain
830,I,certain
830,II,certain
831,VIII,certain
831,I,uncertain
832,I,certain
833,I,certain
835,II,certain
835,III,certain
836,I,certain
836,II,certain
836,IV,certain
837,V,certain
837,IX,certain
837,I,uncertain
837,VI,uncertain
839,I,certain
839,IV,certain
839,V,certain
841,I,certain
841,VI,certain
842,I,certain
843,IV,certain
845,IV,certain
846,III,certain
846,V,certain
848,IX,certain
848,VI,uncertain
849,I,certain
849,II,certain
849,IV,certain
849,VI,certain
850,I,certain
851,I,certain
852,I,certain
852,III,certain
854,I,certain
854,VI,certain
855,I,certain
856,I,certain
857,I,certain
858,I,certain
858,V,certain
858,IX,certain
859,II,certain
859,V,certain
859,IX,certain
861,I,certain
862,I,certain
862,II,certain
863,I,certain
863,V,certain
863,IX,certain
865,V,certain
866,IV,certain
867,I,certain
867,II,certain
867,V,certain
867,VI,uncertain
869,I,certain
869,II,certain
870,I,certain
870,V,certain
870,IX,certain
871,VI,certain
872,IV,certain
873,I,certain
874,I,certain
875,II,certain
875,IV,certain
876,IV,certain
877,II,certain
878,I,certain
881,V,certain
881,IX,certain
882,I,certain
882,VI,certain
883,I,certain
883,VI,certain
884,VI,certain
888,IV,certain
889,I,certain
889,VI,certain
891,I,certain
892,VI,certain
893,I,certain
894,I,certain
895,I,certain
896,I,certain
897,I,certain
898,IV,certain
899,I,certain
900,I,certain
901,I,certain
902,I,certain
902,II,uncertain
903,I,certain
903,II,certain
904,I,certain
906,I,certain
906,IV,certain
907,I,certain
908,I,certain
908,II,certain
908,VIII,certain
908,VI,uncertain
909,IV,certain
910,I,certain
911,I,certain
911,III,certain
912,III,certain
913,I,certain
914,I,certain
914,V,certain
915,I,certain
915,VII,certain
916,I,certain
917,I,certain
918,I,certain
919,II,certain
919,III,certain
921,I,certain
921,II,certain
921,III,certain
921,IV,uncertain
921,VI,uncertain
922,I,certain
923,I,certain
923,II,certain
923,III,certain
924,IX,certain
925,I,certain
925,IV,certain
928,I,certain
929,I,certain
929,II,certain
930,I,certain
931,I,certain
932,III,certain
934,I,certain
935,I,certain
936,I,certain
937,I,certain
937,IX,certain
937,III,uncertain
