root_a_mh.html	aṃh
root_1_ak_s.html	1 akṣ
root_2_ak_s.html	2 akṣ
root_a_gg.html	aṅg
root_ac.html	ac, añc
root_aj.html	aj
root_a_jj.html	añj
root_a_t.html	aṭ
root_a_n_th.html	aṇṭh
root_at.html	at
root_ad.html	ad
root_an.html	an
root_am.html	am
root_ay.html	ay
root_arc.html	arc, ṛc
root_arj.html	arj
root_art.html	art
root_arh.html	arh
root_av.html	av
root_1_az.html	1 aś, aṃś
root_2_az.html	2 aś
root_1_as.html	1 as
root_2_as.html	2 as
root_ah.html	ah
root_aa_jch.html	āñch
root_aap.html	āp
root_aar.html	ār
root_aas.html	ās
root_1_i.html	1 i, ī, ay
root_2_i.html	2 i, inv, in
root_i_gg.html	iṅg
root_ich.html	ich
root_i_t.html	iṭ
root_i_d.html	iḍ
root_idh.html	idh, indh
root_in.html	in, inv
root_inak_s.html	inakṣ
root_iyak_s.html	iyakṣ
root_irajy.html	irajy
root_iradh.html	iradh
root_il.html	il
root_1_i_s.html	1 iṣ, ich
root_2_i_s.html	2 iṣ
root_ii.html	ī
root_iik_s.html	īkṣ
root_ii_gkh.html	īṅkh
root_iij.html	īj
root_ii_d.html	īḍ
root_iir.html	īr
root_iir_sy.html	īrṣy
root_iiz.html	īś
root_ii_s.html	īṣ, eṣ
root_iih.html	īh
root_u.html	u
root_1_uk_s.html	1 ukṣ
root_2_uk_s.html	2 ukṣ, vakṣ
root_uc.html	uc
root_uch.html	uch
root_ujh.html	ujh
root_u_jch.html	uñch
root_ud.html	ud, und
root_ubj.html	ubj
root_ubh.html	ubh, umbh
root_1_u_s.html	1 uṣ
root_2_u_s.html	2 uṣ
root_1_uur_nu.html	1 ūrṇu
root_1_uuh.html	1 ūh
root_2_uuh.html	2 ūh
root__r.html	ṛ, ṛch
root__rc.html	ṛc
root_1__rj.html	ṛj, ṛñj, arj
root_2__rj.html	2 ṛj
root__rt.html	ṛt, art
root__rd.html	ṛd, ard
root__rdh.html	ṛdh
root__rz.html	ṛś ( ?)
root__r_s.html	ṛṣ
root_ej.html	ej, īj
root_edh.html	edh
root_katth.html	katth
root_kath.html	kath
root_kad.html	kad
root_kan.html	kan, kā
root_kam.html	kam
root_kamp.html	kamp
root_kal.html	kal
root_ka_s.html	kaṣ
root_kas.html	kas
root_kaa.html	kā
root_kaa_gk_s.html	kāṅkṣ
root_kaaz.html	kāś
root_kaas.html	kās
root_ku.html	ku
root_kuc.html	kuc, kuñc
root_ku_jj.html	kuñj
root_ku_t_t.html	kuṭṭ
root_ku_n_th.html	kuṇṭh
root_kuth.html	kuth
root_kup.html	kup
root_ku_s.html	kuṣ
root_kuu.html	kū
root_kuuj.html	kūj
root_kuu_d.html	kūḍ, kūl
root_kuu_n.html	kūṇ
root_kuurd.html	kūrd
root_1_k_r.html	1 kṛ (skṛ)
root_2_k_r.html	2 kṛ, kir
root_3_k_r.html	3 kṛ
root_1_k_rt.html	1 kṛt
root_2_k_rt.html	2 kṛt
root_k_rp.html	kṛp
root_k_rz.html	kṛś
root_k_r_s.html	kṛṣ
root_k_lp.html	kḷp
root_knuu.html	knū
root_krak_s.html	krakṣ
root_krath.html	krath
root_krand.html	krand, kland
root_kram.html	kram
root_krii.html	krī
root_krii_d.html	krīḍ
root_kru.html	kru
root_krudh.html	krudh
root_kruz.html	kruś
root_kruu_d.html	krūḍ
root_klath.html	klath
root_kland.html	kland
root_klam.html	klam
root_klav.html	klav
root_klid.html	klid
root_kliz.html	kliś
root_kva_n.html	kvaṇ
root_kvath.html	kvath
root_k_sad.html	kṣad
root_k_san.html	kṣan
root_k_sap.html	kṣap
root_k_sam.html	kṣam
root_k_sar.html	kṣar
root_k_sal.html	kṣal
root_k_saa.html	kṣā
root_1_k_si.html	1 kṣi
root_2_k_si.html	2 kṣi, kṣī
root_k_sip.html	kṣip
root_k_su.html	kṣu
root_k_sud.html	kṣud
root_k_sudh.html	kṣudh
root_k_sup.html	kṣup
root_k_subh.html	kṣubh
root_k_s_nu.html	kṣṇu
root_k_smaa.html	kṣmā
root_k_svi_d.html	kṣviḍ
root_k_svid.html	kṣvid
root_k_svel.html	kṣvel
root_khac.html	khac
root_kha_jj.html	khañj
root_khad.html	khad
root_khan.html	khan, khā
root_kharj.html	kharj
root_khall.html	khall
root_khaa.html	khā
root_khaad.html	khād
root_khid.html	khid
root_khud.html	khud
root_khel.html	khel
root_khyaa.html	khyā
root_gach.html	gach
root_gad.html	gad
root_gadh.html	gadh
root_gabh.html	gabh
root_gam.html	gam, gach
root_garj.html	garj
root_gard.html	gard
root_garh.html	garh
root_gal.html	gal
root_galbh.html	galbh
root_1_gaa.html	1 gā
root_2_gaa.html	2 gā
root_gaah.html	gāh
root_gir.html	gir, gil
root_gu.html	gu
root_gu_jj.html	guñj
root_gu_n_th.html	guṇṭh
root_gup.html	gup
root_guph.html	guph, gumph
root_gur.html	gur
root_gulph.html	gulph
root_guh.html	guh
root_guurd.html	gūrd
root_guurdh.html	gūrdh
root_1_g_r.html	1 gṛ
root_2_g_r.html	2 gṛ, gir, gil
root_3_g_r.html	3 gṛ, jāgṛ
root_g_rdh.html	gṛdh
root_gai.html	gai
root_grath.html	grath, granth
root_grabh.html	grabh, grah
root_gras.html	gras
root_glap.html	glap
root_glah.html	glah
root_glaa.html	glā
root_gha_t.html	ghaṭ
root_gha_t_t.html	ghaṭṭ
root_ghar.html	ghar
root_ghas.html	ghas
root_ghu_t.html	ghuṭ
root_ghu_s.html	ghuṣ
root_ghuur_n.html	ghūrṇ
root_gh_r.html	ghṛ, ghar
root_gh_r_s.html	ghṛṣ
root_ghraa.html	ghrā
root_cak.html	cak
root_cakaas.html	cakās
root_cak_s.html	cakṣ
root_ca_jc.html	cañc
root_ca_t.html	caṭ
root_cat.html	cat
root_can.html	can
root_cand.html	cand
root_cam.html	cam
root_car.html	car
root_carc.html	carc
root_carv.html	carv
root_cal.html	cal
root_caay.html	cāy
root_1_ci.html	1 ci
root_2_ci.html	2 ci
root_cit.html	cit
root_cint.html	cint
root_cud.html	cud
root_cup.html	cup
root_cumb.html	cumb
root_cur.html	cur
root_culump.html	culump
root_cuu_s.html	cūṣ
root_c_rt.html	cṛt
root_ce_s_t.html	ceṣṭ
root_cyu.html	cyu
root_cyut.html	cyut
root_chad.html	chad
root_chand.html	chand, chad
root_chaa.html	chā
root_chid.html	chid
root_chu_t.html	chuṭ, chuḍ
root_chur.html	chur
root_ch_rd.html	chṛd
root_1_jak_s.html	1 jakṣ
root_2_jak_s.html	2 jakṣ
root_jagh.html	jagh
root_jan.html	jan, jā
root_jap.html	jap
root_jam.html	jam
root_jambh.html	jambh, jabh
root_jar.html	jar
root_jalp.html	jalp
root_jas.html	jas
root_jah.html	jah
root_jaa.html	jā
root_1_ji.html	1 ji
root_2_ji.html	2 ji, jinv
root_jiiv.html	jīv
root_jur.html	jur
root_ju_s.html	juṣ
root_juu.html	jū
root_juurv.html	jūrv
root_j_r.html	1 jṛ, jur
root_2_j_r.html	2 jṛ
root_j_rmbh.html	jṛmbh
root_jeh.html	jeh
root_j_jaa.html	jñā
root_jyaa.html	jyā, jī
root_jyut.html	jyut
root_jri.html	jri
root_jvar.html	jvar
root_jval.html	jval
root_jha_t.html	jhaṭ
root_jha_n.html	jhaṇ
root_jhar.html	jhar
root__ta_gk.html	ṭaṅk
root__tal.html	ṭal
root__tiik.html	ṭīk
root__tup.html	ṭup
root__dam.html	ḍam
root__damb.html	ḍamb
root__dii.html	ḍī
root__dval.html	ḍval
root__dhauk.html	ḍhauk
root_ta_ms.html	taṃs, tas
root_tak.html	tak
root_tak_s.html	takṣ
root_ta_jc.html	tañc, tac
root_ta_t.html	taṭ
root_ta_d.html	taḍ
root_1_tan.html	1 tan, tā
root_2_tan.html	2 tan
root_tand.html	tand
root_tap.html	tap
root_tam.html	tam
root_tark.html	tark
root_tarj.html	tarj
root_tas.html	tas
root_taa.html	tā
root_taay.html	tāy
root_taav.html	tāv
root_ti.html	ti
root_tij.html	tij
root_tim.html	tim
root_tir.html	tir
root_til.html	til
root_tu.html	tu
root_tuc.html	tuc
root_tuj.html	tuj
root_tud.html	tud
root_tur.html	tur
root_turv.html	turv, tūrv
root_tul.html	tul
root_tuz.html	tuś
root_tu_s.html	tuṣ
root_tuurv.html	tūrv
root_t_r.html	tṛ, tir, tur
root_t_rd.html	tṛd
root_t_rp.html	tṛp
root_t_r_s.html	tṛṣ
root_t_rh.html	tṛh
root_tyaj.html	tyaj
root_trap.html	trap
root_tras.html	tras
root_traa.html	trā
root_tru_t.html	truṭ
root_tvak_s.html	tvakṣ
root_tva_gg.html	tvaṅg
root_tvac.html	tvac
root_tvar.html	tvar
root_tvi_s.html	tviṣ
root_tsar.html	tsar
root_da_mz.html	daṃś, daś
root_da_ms.html	daṃs
root_dak_s.html	dakṣ
root_dagh.html	dagh
root_dad.html	dad
root_dadh.html	dadh
root_dan.html	dan
root_dabh.html	dabh, dambh
root_dam.html	dam
root_day.html	day
root_daridraa.html	daridrā
root_dal.html	dal
root_das.html	das, dās
root_dah.html	dah
root_1_daa.html	1 dā, dad
root_2_daa.html	2 dā
root_3_daa.html	3 dā, di
root_4_daa.html	4 dā
root_daaz.html	dāś
root_daas.html	dās
root_div.html	div
root_diz.html	diś
root_dih.html	dih
root_1_dii.html	1 dī
root_2_dii.html	2 dī, dīdī
root_diik_s.html	dīkṣ
root_diidhii.html	dīdhī
root_diip.html	dīp
root_diiv.html	dīv
root_2_diiv.html	2 dīv (dev)
root_du.html	du, dū
root_dudh.html	dudh
root_dul.html	dul
root_du_s.html	duṣ
root_duh.html	duh
root_duu.html	dū
root_1_d_r.html	1 dṛ
root_2_d_r.html	2 dṛ
root_d_rp.html	dṛp
root_d_rbh.html	dṛbh
root_d_rz.html	dṛś
root_d_rh.html	dṛh, dṛṃh
root_dev.html	dev
root_dyu.html	dyu
root_dyut.html	dyut
root_dram.html	dram
root_1_draa.html	1 drā
root_2_draa.html	2 drā
root_draa_d.html	drāḍ
root_dru.html	dru
root_druh.html	druh
root_druu.html	drū
root_dvar.html	dvar ?
root_dvi_s.html	dviṣ
root_dhan.html	dhan
root_dhanv.html	dhanv
root_dham.html	dham, dhmā
root_dhav.html	dhav
root_1_dhaa.html	1 dhā, dadh
root_2_dhaa.html	2 dhā
root_1_dhaav.html	1 dhāv
root_2_dhaav.html	2 dhāv
root_dhi.html	dhi, dhinv
root_dhii.html	dhī, dīdhī
root_dhuk_s.html	dhukṣ
root_dhuu.html	dhū, dhu
root_dhuurv.html	dhūrv
root_dh_r.html	dhṛ
root_dh_r_s.html	dhṛṣ
root_dhmaa.html	dhmā
root_dhyaa.html	dhyā
root_dhraj.html	dhraj, dhrāj
root_dhva_ms.html	dhvaṃs,
dhvas
root_dhvan.html	dhvan
root_dhv_r.html	dhvṛ, dhur, dhru
root_na_mz.html	naṃś
root_nak_s.html	nakṣ
root_na_t.html	naṭ
root_nad.html	nad
root_nand.html	nand
root_nabh.html	nabh
root_nam.html	nam
root_nard.html	nard
root_1_naz.html	1 naś
root_2_naz.html	2 naś, naṃś
root_nas.html	nas
root_nah.html	nah
root_naath.html	nāth, nādh
root_ni_ms.html	niṃs
root_nik_s.html	nikṣ
root_nij.html	nij
root_nind.html	nind, nid
root_nii.html	nī
root_nii_d.html	nīḍ
root_1_nu.html	1 nu, nū
root_2_nu.html	2 nu
root_nud.html	nud
root_n_r.html	nṛ
root_n_rt.html	nṛt
root_ned.html	ned
root_pac.html	pac
root_paj.html	paj
root_pa_t.html	paṭ
root_pa_th.html	paṭh
root_pa_n.html	paṇ
root_1_pat.html	1 pat
root_2_pat.html	2 pat
root_path.html	path
root_pad.html	pad
root_pan.html	pan
root_pard.html	pard
root_1_paz.html	1 paś, spaś
root_2_paz.html	2 paś
root_1_paa.html	1 pā
root_2_paa.html	2 pā
root_3_paa.html	3 pā
root_paay.html	pāy
root_pi.html	pi, pī
root_pinv.html	pinv
root_pibd.html	pibd
root_piz.html	piś
root_pi_s.html	piṣ
root_pis.html	pis
root_1_pii.html	1 pī
root_2_pii.html	2 pī
root_pii_d.html	pīḍ
root_piiy.html	pīy
root_pu_t.html	puṭ
root_puth.html	puth
root_pu_s.html	puṣ
root_puu.html	pū
root_puuj.html	pūj
root_puuy.html	pūy
root_puur.html	pūr
root_1_p_r.html	1 pṛ, pṛṇ, pūr
root_2_p_r.html	2 pṛ
root_3_p_r.html	3 pṛ
root_p_rc.html	pṛc
root_p_r_n.html	pṛṇ
root_p_rt.html	pṛt
root_p_rz.html	pṛś, pṛṣ (
?)
root_pyaa.html	pyā
root_prach.html	prach
root_prath.html	prath
root_praa.html	prā
root_prii.html	prī
root_pru.html	pru
root_pruth.html	pruth
root_pru_s.html	pruṣ
root_plii.html	plī ( ?)
root_plu.html	plu
root_plu_s.html	pluṣ
root_psaa.html	psā
root_phakk.html	phakk
root_pha_n.html	phaṇ
root_phar.html	phar
root_1_phal.html	1 phal
root_2_phal.html	2 phal
root_ba_mh.html	baṃh
root_bandh.html	bandh
root_bal.html	bal
root_baadh.html	bādh
root_budh.html	budh
root_bul.html	bul
root_b_r_mh.html	bṛṃh, vṛṃh
root_1_b_rh.html	1 bṛh
root_2_b_rh.html	2 bṛh, vṛh
root_bruu.html	brū
root_blii.html	blī
root_bhak_s.html	bhakṣ
root_bhaj.html	bhaj
root_bha_jj.html	bhañj
root_bha_t.html	bhaṭ
root_bha_n.html	bhaṇ
root_bhan.html	bhan
root_bhand.html	bhand
root_bharts.html	bharts
root_bharv.html	bharv
root_bhal.html	bhal
root_bha_s.html	bhaṣ
root_bhas.html	bhas
root_bhaa.html	bhā
root_bhaam.html	bhām
root_bhaa_s.html	bhāṣ
root_bhaas.html	bhās
root_bhik_s.html	bhikṣ
root_bhid.html	bhid
root_bhi_saj.html	bhiṣaj
root_bhii.html	bhī, bhīṣ
root_1_bhuj.html	1 bhuj
root_2_bhuj.html	2 bhuj
root_bhur.html	bhur
root_bhuraj.html	bhuraj
root_bhuu.html	bhū
root_bhuu_s.html	bhūṣ
root_bh_r.html	bhṛ
root_bh_rjj.html	bhṛjj
root_bhyas.html	bhyas
root_bhra_mz.html	bhraṃś,
bhraś
root_bhram.html	bhram
root_bhraaj.html	bhrāj
root_bhrii.html	bhrī
root_bhre_s.html	bhreṣ
root_ma_mh.html	maṃh, mah
root_majj.html	majj
root_ma_jc.html	mañc
root_ma_n.html	maṇ
root_ma_n_t.html	maṇṭ, ?
root_ma_n_d.html	maṇḍ
root_math.html	math, manth
root_mad.html	mad, mand
root_man.html	man
root_mah.html	mah
root_1_maa.html	1 mā
root_2_maa.html	2 mā
root_3_maa.html	3 mā
root_maarg.html	mārg
root_1_mi.html	1
mi
root_2_mi.html	2 mi
root_mik_s.html	mikṣ (miś)
root_migh.html	migh
root_mith.html	mith
root_mid.html	mid, mind
root_mil.html	mil
root_mi_s.html	miṣ
root_mih.html	mih
root_mii.html	mī, mi
root_miil.html	mīl
root_miiv.html	mīv, mū
root_muc.html	muc, mokṣ
root_mu_t.html	muṭ
root_mud.html	mud
root_mu_s.html	muṣ
root_muh.html	muh
root_muu.html	mū
root_muurch.html	mūrch, mūr
root_1_m_r.html	1 mṛ
root_2_m_r.html	2 mṛ, mṛṇ
root_m_rk_s.html	mṛkṣ
root_m_rc.html	mṛc
root_m_rch.html	mṛch
root_m_rj.html	mṛj
root_m_r_d.html	mṛḍ
root_m_r_n.html	mṛṇ
root_m_rd.html	mṛd, mrad
root_m_rdh.html	mṛdh
root_m_rz.html	mṛś
root_m_r_s.html	mṛṣ
root_med.html	med [mid]
root_mod_s.html	modṣ
root_mnaa.html	mnā
root_myak_s.html	myakṣ
root_mrad.html	mrad
root_mrit.html	mrit, mlit
root_mruc.html	mruc, mluc,
mlup
root_mre_d.html	mreḍ
root_mlaa.html	mlā
root_mluc.html	mluc
root_mlup.html	mlup
root_mlech.html	mlech
root_yak_s.html	yakṣ
root_yach.html	yach
root_yaj.html	yaj
root_yat.html	yat
root_yabh.html	yabh
root_yam.html	yam, yach
root_yas.html	yas, yeṣ
root_yah.html	yah
root_yaa.html	yā
root_yaac.html	yāc
root_yaad.html	yād
root_1_yu.html	1 yu
root_2_yu.html	2 yu, yuch
root_yuj.html	yuj
root_yudh.html	yudh
root_yup.html	yup
root_ye_s.html	yeṣ
root_ra_mh.html	raṃh
root_rak_s.html	rakṣ
root_ra_gg.html	raṅg
root_rac.html	rac
root_1_raj.html	1 raj
root_2_raj.html	2 raj, rañj
root_ra_jch.html	rañch
root_ra_t.html	raṭ
root_ra_nv.html	raṇv
root_rad.html	rad
root_radh.html	radh, randh
root_1_ran.html	1 ran
root_2_ran.html	2 ran
root_rap.html	rap
root_rapz.html	rapś
root_raph.html	raph
root_rabh.html	rabh, rambh
root_ram.html	ram
root_ramb.html	ramb
root_rambh.html	rambh
root_raz.html	raś
root_ras.html	ras
root_rah.html	rah
root_1_raa.html	1 rā, rās
root_2_raa.html	2 rā
root_raaj.html	rāj
root_raadh.html	rādh
root_1_raas.html	1 rās
root_2_raas.html	2 rās
root_ri.html	ri, rī
root_rikh.html	rikh
root_ri_jkh.html	riñkh, riñg
root_ric.html	ric
root_rip.html	rip
root_riph.html	riph
root_ribh.html	ribh
root_riz.html	riś
root_ri_s.html	riṣ
root_rih.html	rih
root_rii.html	rī
root_1_ru.html	1 ru
root_2_ru.html	2 ru
root_ruc.html	ruc
root_ruj.html	ruj
root_ru_th.html	ruṭh
root_rud.html	rud
root_1_rudh.html	1 rudh
root_2_rudh.html	2 rudh
root_rup.html	rup
root_ru_s.html	ruṣ
root_ruh.html	ruh
root_ruu_s.html	rūṣ
root_rej.html	rej
root_re_d.html	reḍ
root_rebh.html	rebh
root_lak_s.html	lakṣ
root_lag.html	lag
root_la_ggh.html	laṅgh
root_lajj.html	lajj
root_la_d.html	laḍ
root_lap.html	lap
root_labh.html	labh
root_lam.html	lam
root_lamb.html	lamb
root_lal.html	lal
root_la_s.html	laṣ
root_las.html	las
root_laa.html	lā
root_laa_jch.html	lāñch
root_likh.html	likh
root_lip.html	lip, limp
root_liz.html	liś
root_lih.html	lih
root_1_lii.html	1 lī
root_2_lii.html	2 lī
root_lu_jc.html	luñc
root_1_lu_th.html	1 luṭh
root_2_lu_th.html	2 luṭh,
luṇṭh
root_lu_d.html	luḍ
root_lup.html	lup
root_lubh.html	lubh
root_lul.html	lul
root_luu.html	lū
root_lok.html	lok
root_loc.html	loc
root_vak.html	vak
root_vak_s.html	vakṣ, ukṣ
root_vac.html	vac
root_vaj.html	vaj
root_va_jc.html	vañc
root_va_n_t.html	vaṇṭ
root_vat.html	vat
root_vad.html	vad
root_vadh.html	vadh, badh
root_van.html	van, vā
root_vand.html	vand
root_1_vap.html	1 vap
root_2_vap.html	2 vap
root_vam.html	vam
root_val.html	val
root_valg.html	valg
root_valh.html	valh
root_vaz.html	vaś
root_1_vas.html	1 vas, uṣ, uch
root_2_vas.html	2 vas
root_3_vas.html	3 vas
root_vah.html	vah
root_1_vaa.html	1 vā
root_2_vaa.html	2 vā, vi, u
root_3_vaa.html	3 vā (in
vivāsa-)
root_vaa_jch.html	vāñch
root_vaaz.html	vāś
root_vaah.html	vāh
root_1_vic.html	1 vic
root_2_vic.html	2 vic
root_vij.html	vij
root_1_vid.html	1 vid
root_2_vid.html	2 vid
root_1_vidh.html	1 vidh
root_2_vidh.html	2 vidh
root_vindh.html	vindh
root_vip.html	vip, vep
root_viz.html	viś
root_vi_s.html	viṣ
root_vi_s_t.html	viṣṭ, veṣṭ
root_vii.html	vī
root_viij.html	vīj, vyaj
root_vii_d.html	vīḍ
root_1_v_r.html	1 vṛ
root_2_v_r.html	2 vṛ
root_v_r_mh.html	vṛṃh, bṛṃh
root_v_rj.html	vṛj
root_v_rt.html	vṛt
root_v_rdh.html	vṛdh
root_v_r_s.html	vṛṣ
root_v_rh.html	vṛh, bṛh
root_ven.html	ven
root_vell.html	vell
root_ve_s_t.html	veṣṭ
root_vyac.html	vyac, vic
root_vyaj.html	vyaj
root_vyath.html	vyath
root_vyadh.html	vyadh, vidh
root_vyay.html	vyay
root_vyaa.html	vyā, vī
root_vraj.html	vraj
root_vrad.html	vrad, vrand
root_vran.html	vran
root_vrazc.html	vraśc
root_vraadh.html	vrādh
root_vrii_d.html	vrīḍ
root_vru_d.html	vruḍ
root_vlag.html	vlag, vlaṅg
root_vlii.html	vlī, blī
root_za_ms.html	śaṃs
root_zak.html	śak
root_za_gk.html	śaṅk
root_zat.html	śat
root_1_zad.html	1 śad
root_2_zad.html	2 śad
root_zap.html	śap
root_1_zam.html	1 śam, śim
root_2_zam.html	2 śam
root_3_zam.html	3 śam
root_zal.html	śal
root_zaz.html	śaś
root_zas.html	śas, śās
root_zaa.html	śā, śi
root_1_zaas.html	1 śās, śiṣ
root_2_zaas.html	2 śās
root_zik_s.html	śikṣ
root_zi_ggh.html	śiṅgh
root_zi_jj.html	śiñj
root_zip.html	śip
root_zim.html	śim
root_zi_s.html	śiṣ
root_1_zii.html	1 śī
root_2_zii.html	2 śī
root_zuc.html	śuc
root_zuj.html	śuj
root_zudh.html	śudh, śundh
root_zubh.html	śubh, śumbh
root_1_zu_s.html	1 śuṣ
root_2_zu_s.html	2 śuṣ
root_zuu.html	śū, śvā, śvi
root_1_z_r.html	1 śṛ
root_2_z_r.html	2 śṛ
root_3_z_r.html	3 śṛ
root_z_rdh.html	śṛdh
root_zcand.html	ścand, cand
root_zcam.html	ścam
root_zcut.html	ścut
root_znath.html	śnath
root_zyaa.html	śyā, śī
root_zrath.html	śrath, ślath
root_zran.html	śran
root_zram.html	śram
root_zrambh.html	śrambh
root_zraa.html	śrā, 2 śrī, 2 śṛ
root_zri.html	śri, 3 śṛ
root_zri_s.html	śriṣ
root_1_zrii.html	1 śrī, śṛ
root_2_zrii.html	2 śrī
root_zru.html	śru
root_zru_s.html	śruṣ
root_zlath.html	ślath
root_zlaa.html	ślā
root_zlaagh.html	ślāgh
root_zli_s.html	śliṣ, śriṣ
root_zva_jc.html	śvañc
root_zvas.html	śvas, śuṣ
root_zvaa.html	śvā, śvi
root_zvit.html	śvit
root__s_thiiv.html	ṣṭhīv
root_sak_s.html	sakṣ
root_sagh.html	sagh
root_sac.html	sac
root_saj.html	saj, sañj
root_sad.html	sad
root_san.html	san, 2 sā
root_sap.html	sap
root_sarj.html	sarj
root_sazc.html	saśc
root_sas.html	sas
root_sah.html	sah
root_1_saa.html	1 sā, si
root_2_saa.html	2 sā
root_saadh.html	sādh, sadh
root_si.html	si
root_sic.html	sic
root_1_sidh.html	1 sidh
root_2_sidh.html	2 sidh
root_sii.html	sī
root_siiv.html	sīv, syū
root_su.html	su
root_sul.html	sul ( ?)
root_subh.html	subh, sumbh
root_suu.html	sū, su
root_suud.html	sūd
root_suurk_s.html	sūrkṣ
root_s_r.html	sṛ
root_s_rk.html	sṛk
root_s_rj.html	sṛj
root_s_rp.html	sṛp
root_sev.html	sev
root_skand.html	skand
root_skambh.html	skambh, skabh
root_sku.html	sku
root_sk_r.html	skṛ
root_skhal.html	skhal
root_stan.html	stan
root_stambh.html	stambh, stabh
root_staa.html	stā
root_stigh.html	stigh
root_stim.html	stim, stīm
root_1_stu.html	1 stu
root_2_stu.html	2 stu
root_stubh.html	stubh
root_st_r.html	stṛ
root_st_rh.html	stṛh
root_styaa.html	styā, stī
root_sthag.html	sthag
root_sthaa.html	sthā
root_snaa.html	snā
root_snih.html	snih
root_snu.html	snu
root_spand.html	spand
root_spaz.html	spaś
root_spuurdh.html	spūrdh
root_sp_r.html	spṛ
root_sp_rdh.html	spṛdh, spūrdh
root_sp_rz.html	spṛś
root_sp_rh.html	spṛh
root_spha_t.html	sphaṭ
root_sphar.html	sphar
root_sphal.html	sphal
root_sphaa.html	sphā
root_sphu_t.html	sphuṭ
root_sphur.html	sphur, sphul
root_sphuurj.html	sphūrj
root_sph_r.html	sphṛ, sphar,
sphur, sphul
root_smi.html	smi
root_sm_r.html	smṛ
root_syand.html	syand, syad
root_sra_ms.html	sraṃs, sras
root_sridh.html	sridh
root_sriiv.html	srīv
root_sru.html	sru
root_svaj.html	svaj, svañj
root_svad.html	svad, svād
root_svan.html	svan
root_svap.html	svap
root_svar.html	svar
root_svaad.html	svād
root_svid.html	svid
root_had.html	had
root_han.html	han
root_har.html	har
root_has.html	has
root_1_haa.html	1 hā
root_2_haa.html	2 hā
root_haas.html	hās
root_hi.html	hi
root_hi_ms.html	hiṃs
root_hikk.html	hikk
root_hi_n_d.html	hiṇḍ
root_hii_d.html	hīḍ, hel
root_hu.html	hu
root_hur.html	hur
root_huu.html	hū, hvā
root_huurch.html	hūrch
root_1_h_r.html	1 hṛ
root_2_h_r.html	2 hṛ
root_h_r_s.html	hṛṣ
root_he_th.html	heṭh
root_he_d.html	heḍ, hel
root_he_s.html	heṣ
root_hnu.html	hnu
root_hras.html	hras
root_hraad.html	hrād
root_hrii.html	hrī
root_hru.html	hru
root_hre_s.html	hreṣ
root_hlaad.html	hlād
root_hval.html	hval
root_hv_r.html	hvṛ, hru, hur
root_1_diiv.html	1 dīv
root_mok_s.html	mokṣ
